"pkg_license_title";"publisher";"pkg_notes";"pkg_license_url";"pkg_id";"pkg_type";"pkg_title";"pkg_metadata_processed";"pkg_metadata_modified";"pkg_key"
"dl-de/by-2-0";;"Der Aktions­plan City 2020-2026 basiert im Wesent­li­chen auf den Maßnah­men­emp­feh­lun­gen aus dem Einzel­han­dels­gut­ach­ten der CIMA („Gut­ach­ten zur Zukunfts­fä­hig­keit der Karlsruher City als Einzel­han­dels­stand­ort 2030“), die unter Betei­li­gung sämtlicher Innen­stadt­ak­teure – darunter Einzel­händ­ler, weitere Gewer­be­trei­bende, Immobi­li­e­nei­gen­tü­mer, Kultur- und Bildungs­in­sti­tu­tio­nen – erarbeitet wurden.

Die Maßnahmen zielen auf die Stärkung der Attrak­ti­vi­tät und Multi­funk­tio­na­li­tät der Innenstadt unter anderem durch eine wettbe­werbs­fä­hige Einzel­han­delss­truk­tur sowie eine ausge­wo­gene Nutzungs­mi­schung von Gastro­no­mie, Dienst­leis­tern, Bildungs- und Kulturein­rich­tun­gen, Wohnen und Freizeit­mög­lich­kei­ten. Bei der Erstellung des Aktions­plans erfolgte eine inhalt­li­che und prozes­suale Abstimmung mit allen laufenden Projekten und Maßnahmen mit Innen­stadt­be­zug, insbe­son­dere den IQ-Leitpro­jek­ten „Öffent­li­cher Raum und Mobilität in der Innenstadt (ÖRMI)“ sowie „Sanierung Innenstadt-Ost“.

Der Aktions­plan City 2020-2026 wird sukzessive umgesetzt: Stand Oktober 2020 sind 10 Maßnahmen bereits abgeschlos­sen, 45 weitere Maßnahmen befinden sich aktuell in Umsetzung.";;"e0fb00e1-b5c1-4c1f-871b-96a2922c5ca6";"dataset";"Aktionsplan City 2020-2026";"2021-11-12T10:21:20.995680";"nicht gesetzt";"transparenz.karlsruhe.de|e0fb00e1-b5c1-4c1f-871b-96a2922c5ca6"
"dl-de/by-2-0";;"Die wichtigsten Schularten bei den „öffentlichen und privaten allgemein bildenden Schulen“ sind die Grundschulen, Werkreal-/Hauptschulen, Sonderpädagogischen Bildungs- und Beratungszentren (SBBZ - Sonderschulen), Realschulen, Gymnasien und Gemeinschaftsschulen. Die Zahl der Schülerinnen und Schüler, die die jeweilige Schulform besuchen, sind in diesem Themenblock aufgeführt.

Quelle: Schul- und Sportamt der Stadt Karlsruhe / Stadt Karlsruhe, Amt für Stadtentwicklung";;"3ce2c581-b9d8-4d58-b4e9-e656779d041c";"dataset";"Allgemeinbildende Schulen";"2021-11-12T10:20:58.214150";"nicht gesetzt";"transparenz.karlsruhe.de|3ce2c581-b9d8-4d58-b4e9-e656779d041c"
"dl-de/by-2-0";;"Im Themenblock „Altersstruktur“ werden die Altersverteilung der Karlsruher Bevölkerung nach dem Geschlecht (männlich/weiblich) und das Verhältnis von jungen und alten Menschen zur Bevölkerung im erwerbsfähigen Alter dargestellt.

Quelle: Melderegister / Stadt Karlsruhe, Amt für Stadtentwicklung";;"cc50eb96-6c3d-4d6f-9dcd-c56c4969ff59";"dataset";"Altersstruktur der Bevölkerung";"2021-11-12T10:21:19.100751";"nicht gesetzt";"transparenz.karlsruhe.de|cc50eb96-6c3d-4d6f-9dcd-c56c4969ff59"
"dl-de/by-2-0";"Sven Klenert";"Auflistung Ämter der Stadt Karlsruhe mit ungeordneten Abteilungen und Sachgebieten.
Aufgeführt werden:
id |name | kurzname | aufgabe | webseite";;"055668d5-ce43-4916-a771-203d8ff5cf8a";"dataset";"Ämterliste der Stadt Karlsruhe";"2021-11-12T10:20:49.946377";"nicht gesetzt";"transparenz.karlsruhe.de|055668d5-ce43-4916-a771-203d8ff5cf8a"
"dl-de/by-2-0";;"Der jährlich erscheinende Bericht „Statistik Aktuell Arbeitsmarkt“ beschreibt die Lage auf dem Arbeitsmarkt in Karlsruhe. Dargestellt werden der Zahl der sozialversicherungspflichtig Beschäftigten und die Arbeitslosenzahlen und Arbeitslosenquoten in Karlsruhe im Vergleich zum Vormonat und Vorjahr, aber auch mit anderen baden-württembergischen Großstädten und weiteren regionalen Einheiten.

Quelle: Bundesagentur für Arbeit / Stadt Karlsruhe, Amt für Stadtentwicklung";;"83a61160-d668-4d7e-adf2-f366c7df17f4";"dataset";"Arbeitsmarkt";"2021-11-12T10:21:08.672864";"nicht gesetzt";"transparenz.karlsruhe.de|83a61160-d668-4d7e-adf2-f366c7df17f4"
"dl-de/by-2-0";;"Die statistische Sonderveröffentlichung „Indikatoren zum Thema Armutsbekämpfung“ stellt die Entwicklung des monatlichen Haushaltsnettoeinkommens dar, welches in mehreren Bürgerumfragen des Amts für Stadtentwicklung der Stadt Karlsruhe erhobenen wurde. In Kombination mit Arbeitslosenzahlen und Zahlen zum Empfang von Leistungen nach dem SGB II und weiteren Sozialleistungen wird ein Bild des von Armut gefährdeten Bevölkerungsteils in Karlsruhe gezeichnet.

Quelle: Bürgerumfragen 2008, 2009 und 2011; Bundesagentur für Arbeit / Stadt Karlsruhe, Amt für Stadtentwicklung";;"f9361193-8da3-4955-9ec5-09ea505887e1";"dataset";"Indikatoren zum Thema Armutsbekämpfung";"2021-11-12T10:21:23.290133";"nicht gesetzt";"transparenz.karlsruhe.de|f9361193-8da3-4955-9ec5-09ea505887e1"
;;"Baumkatatster der Stadt Karslruhe mit Geokoordinaten und Baumart aller städtischen Bäume";;"fd78a131-9ad2-4fc0-8705-cd8f19917e57";"showcase";"Baumkataster";"2022-03-14T14:56:51.388994";"nicht gesetzt";"transparenz.karlsruhe.de|fd78a131-9ad2-4fc0-8705-cd8f19917e57"
"Creative Commons Namensnennung - 4.0 International (CC-BY 4.0)";;"Baustellen in Karlsruhe";"http://creativecommons.org/licenses/by/4.0/";"891591f0-5b38-43b8-8bcd-4102bb6cb000";"dataset";"Baustellen";"2022-07-26T15:32:28.149942";"nicht gesetzt";"transparenz.karlsruhe.de|891591f0-5b38-43b8-8bcd-4102bb6cb000"
"dl-de/by-2-0";;"Im jährlich erscheinenden Bericht „Statistik Aktuell Bautätigkeit“ werden die Schwerpunkte der Wohnbautätigkeit in Karlsruhe aufgezeigt. Die Zahl der erteilten Baugenehmigungen und die Baufertigstellungen werden nach Gebäudeart und Gebäudegröße aufgegliedert für mehrere Jahre nebeneinander gestellt. Abschließend wird die Zahl der durch Neubau und Baumaßnahmen fertiggestellten Wohnungen sowie der Bauüberhang in den Karlsruher Stadtteilen dargestellt.

Quelle: Stadt Karlsruhe, Amt für Stadtentwicklung";;"2c84fb4a-cd95-4108-b522-b887d050421e";"dataset";"Bautätigkeit";"2021-11-12T10:20:55.056995";"nicht gesetzt";"transparenz.karlsruhe.de|2c84fb4a-cd95-4108-b522-b887d050421e"
"Creative Commons Namensnennung - 4.0 International (CC-BY 4.0)";;"Übersicht über die öffentlichen Behindertenparkplätze der Stadt Karlsruhe";"http://creativecommons.org/licenses/by/4.0/";"bfeaee65-f4c7-4fd9-99f8-bf8f2519c965";"dataset";"Behindertenparkplätze";"2022-07-21T10:28:12.610353";"nicht gesetzt";"transparenz.karlsruhe.de|bfeaee65-f4c7-4fd9-99f8-bf8f2519c965"
"dl-de/by-2-0";;"Der quartalsweise erscheinende Bericht „Statistik Aktuell Bevölkerung“ beschreibt die Entwicklung der Karlsruher Bevölkerung aufgeteilt nach Geschlecht und Nationalität sowie nach Hauptwohnung und Nebenwohnung. Die Einwohnerzahl in den Stadtteilen und Stadtvierteln wird ebenso beleuchtet wie der Anteil der Migrantinnen und Migranten in den Stadtteilen.

Quelle: Melderegister / Stadt Karlsruhe, Amt für Stadtentwicklung";;"9fed504c-f085-49b3-8590-0f7045b29443";"dataset";"Bevölkerung Quartalsbericht";"2021-11-12T10:21:12.418190";"nicht gesetzt";"transparenz.karlsruhe.de|9fed504c-f085-49b3-8590-0f7045b29443"
"dl-de/by-2-0";;"Der jährlich erscheinende Bericht „Bevölkerung in Karlsruhe“ beschreibt die aktuelle Entwicklung des Karlsruher Bevölkerungsbestands, die aktuellen Bevölkerungsbewegungen sowie Entwicklungen in den letzten zehn Jahren. Die Bevölkerungsentwicklung in den Stadtteilen wird ebenso beleuchtet wie die Veränderungen differenziert nach Deutschen und Ausländerinnen und Auländern.

Quelle: Melderegister / Stadt Karlsruhe, Amt für Stadtentwicklung";;"668cbbca-e599-43df-9394-ffb5b3ad1938";"dataset";"Bevölkerung Jahresbericht";"2021-11-12T10:21:04.992436";"nicht gesetzt";"transparenz.karlsruhe.de|668cbbca-e599-43df-9394-ffb5b3ad1938"
"dl-de/by-2-0";;"Im Themenblock „Bevölkerung“ werden die Bevölkerungszahlen sowie grundlegenden Eckzahlen der Bevölkerungsstruktur in Karlsruhe aufgezeigt.

Quelle: Melderegister / Stadt Karlsruhe, Amt für Stadtentwicklung";;"74561f6a-4783-4d70-b86a-008deec09441";"dataset";"Bevölkerung";"2021-11-12T10:21:07.393867";"nicht gesetzt";"transparenz.karlsruhe.de|74561f6a-4783-4d70-b86a-008deec09441"
"Datenlizenz Deutschland – Zero – Version 2.0";;"Die Bevölkerungsbewegung beschreibt die Einwicklung der Bevölkerungszahl in Karlsruhe. Sie setzt sich zusammen aus der natürlichen Bevölkerungsbewegung (Geburten und Sterbefälle) und der Wanderungsbewegung (Zuzüge und Wegzüge) der Bevölkerung.

Quelle: Melderegister / Stadt Karlsruhe, Amt für Stadtentwicklung";"https://www.govdata.de/dl-de/zero-2-0";"fdc3049d-14cf-4c14-b59a-1b82809242d5";"dataset";"Bevölkerungsbewegungen";"2021-11-12T10:21:24.336997";"nicht gesetzt";"transparenz.karlsruhe.de|fdc3049d-14cf-4c14-b59a-1b82809242d5"
"Creative Commons Namensnennung - 4.0 International (CC-BY 4.0)";;"Bewohnerparkzonen";"http://creativecommons.org/licenses/by/4.0/";"dab5a92a-2746-4ed5-b9ff-f2ae7f9758ab";"dataset";"Bewohnerparkzonen";"2022-07-26T15:27:35.977701";"nicht gesetzt";"transparenz.karlsruhe.de|dab5a92a-2746-4ed5-b9ff-f2ae7f9758ab"
"Creative Commons Namensnennung - 4.0 International (CC-BY 4.0)";;"Mögliche Standorte für mobile Blitzer.";"http://creativecommons.org/licenses/by/4.0/";"13c95909-1c10-40cc-9b61-4f585aa0be13";"dataset";"Blitzer Mobil";"2022-07-26T15:02:35.503291";"nicht gesetzt";"transparenz.karlsruhe.de|13c95909-1c10-40cc-9b61-4f585aa0be13"
"Creative Commons Namensnennung - 4.0 International (CC-BY 4.0)";;"Stationäre Blitzer in Karlsruhe";"http://creativecommons.org/licenses/by/4.0/";"7e03788c-74d9-4b7a-a5ac-5e27bb8e9bba";"dataset";"Blitzer Stationär";"2022-07-26T15:11:04.737639";"nicht gesetzt";"transparenz.karlsruhe.de|7e03788c-74d9-4b7a-a5ac-5e27bb8e9bba"
"Creative Commons Namensnennung - 4.0 International (CC-BY 4.0)";;"Potentiell durch mobile Blitzer überwachte Strecken in Karlsruhe.";"http://creativecommons.org/licenses/by/4.0/";"39b9b837-9365-4c53-b6d7-5e83b84612ea";"dataset";"Blitzer Strecken";"2022-07-26T15:07:30.427157";"nicht gesetzt";"transparenz.karlsruhe.de|39b9b837-9365-4c53-b6d7-5e83b84612ea"
"dl-de/by-2-0";;"Karlsruher Daten zur Bundestagswahl 2013.

Mehr Informationen zum Thema Wahlen in Karlsruhe finden Sie [auf der Webseite des Wahlamts](https://www.karlsruhe.de/b4/buergerengagement/wahlen).

Weitere Daten zur Bundestagswahl 2013 finden Sie [auf der Webseite des Statistischen Landesamts](http://statistik-bw.de/Wahlen/Bundestag/) und [auf der Website des Bundeswahlleiters](https://www.bundeswahlleiter.de/bundestagswahlen/2013/ergebnisse.html).";;"0788d395-b5e4-4ca0-963d-99801ab4682c";"dataset";"Bundestagswahl 2013";"2021-11-12T10:20:50.225534";"nicht gesetzt";"transparenz.karlsruhe.de|0788d395-b5e4-4ca0-963d-99801ab4682c"
"dl-de/by-2-0";;"Karlsruher Daten zur Bundestagswahl 2017.

Mehr Informationen zum Thema Wahlen in Karlsruhe finden Sie [auf der Webseite des Wahlamts](https://www.karlsruhe.de/b4/buergerengagement/wahlen).

Weitere Daten zur Bundestagswahl 2017 finden Sie [beim Statistischen Landesamt](http://statistik-bw.de/Wahlen/Bundestag/) und [beim Bundeswahlleiter](https://www.bundeswahlleiter.de/bundestagswahlen/2017.html).";;"389770de-7b1c-4736-9d96-8da132fc1d62";"dataset";"Bundestagswahl 2017";"2021-11-12T10:20:57.338812";"nicht gesetzt";"transparenz.karlsruhe.de|389770de-7b1c-4736-9d96-8da132fc1d62"
"Creative Commons Namensnennung - 4.0 International (CC-BY 4.0)";;"Busparkplätze in Karlsruhe";"http://creativecommons.org/licenses/by/4.0/";"15d22922-bdf2-4d53-9802-81fecd5f402d";"dataset";"Busparkplätze";"2022-07-26T15:24:12.765308";"nicht gesetzt";"transparenz.karlsruhe.de|15d22922-bdf2-4d53-9802-81fecd5f402d"
"Creative Commons CC Zero License (cc-zero)";;"Die [Landesanstalt für Umwelt, Messungen und Naturschutz](http://www.lubw.baden-wuerttemberg.de/) (LUBW) betreibt auf dem Dach der Heinrich-Hübsch-Schule eine [Wetterstation](http://karlsruhe.de/b3/wetter/wetterstation). Dieser Datensatz enthält [verschiedene Messwerte](http://karlsruhe.de/b3/wetter/glossar) der Wetterstation.";"http://www.opendefinition.org/licenses/cc-zero";"a639453f-0c2f-4a92-a895-7353394b3e60";"dataset";"Daten der Wetterstation auf der Heinrich-Hübsch-Schule";"2021-11-12T10:21:13.559385";"nicht gesetzt";"transparenz.karlsruhe.de|a639453f-0c2f-4a92-a895-7353394b3e60"
"dl-de/by-2-0";;"Dieser Datensatz beinhaltet die wesentlichen Daten des städtischen Doppelhaushalts für die Jahre 2019 und 2020 in maschinenlesbarer Form.

Rechtsgültige Grundlage ist die [PDF-Version](https://transparenz.karlsruhe.de/dataset/haushaltsplan-2019-2020). Diese ist umfangreich dokumentiert und daher auch für das Verständnis der hier angebotenen Daten hilfreich.

Zusätzlich steht der Haushaltsplan als [interaktive Visualisierung](https://www.karlsruhe.de/b4/stadtverwaltung/stadtfinanzen/interaktiverhaushalt) bereit.

Für kommunale Haushalte in Baden-Württemberg gelten die [Verwaltungsvorschrift ""Produkt- und Kontenrahmen""](https://im.baden-wuerttemberg.de/fileadmin/redaktion/m-im/intern/dateien/pdf/20180926_-_VwV_Produkt-_und_Kontenrahmen.pdf) und der [kommunale Produktplan Baden-Württemberg](https://im.baden-wuerttemberg.de/fileadmin/redaktion/m-im/intern/dateien/pdf/Kommunaler_Produktplan_Stand_14.06.2016.pdf), jeweils herausgegeben vom [Innenministerium Baden-Württemberg](https://im.baden-wuerttemberg.de).

Alle Beträge sind in EUR (€).";;"ad6811bf-7b3d-48c3-ae6f-a92c3967fbdf";"dataset";"Daten des Haushaltsplans 2019/2020";"2021-11-12T10:21:14.604167";"nicht gesetzt";"transparenz.karlsruhe.de|ad6811bf-7b3d-48c3-ae6f-a92c3967fbdf"
"dl-de/by-2-0";;"Dieser Datensatz beinhaltet die wesentlichen Daten des städtischen Haushalts für das Jahr 2021 in maschinenlesbarer Form.

Rechtsgültige Grundlage ist die [PDF-Version](https://www.karlsruhe.de/b4/stadtverwaltung/stadtfinanzen/HF_sections/rightColumn/ZZnHo74Z7EvE4K/ZZoNfGFjN3XdW8/HHPlan2021.pdf). Diese ist umfangreich dokumentiert und daher auch für das Verständnis der hier angebotenen Daten hilfreich.

Zusätzlich steht der Haushaltsplan als [interaktive Visualisierung](https://www.karlsruhe.de/b4/stadtverwaltung/stadtfinanzen/interaktiverhaushalt) bereit.

Für kommunale Haushalte in Baden-Württemberg gelten die [Verwaltungsvorschrift ""Produkt- und Kontenrahmen""](https://im.baden-wuerttemberg.de/fileadmin/redaktion/m-im/intern/dateien/pdf/20180926_-_VwV_Produkt-_und_Kontenrahmen.pdf) und der [kommunale Produktplan Baden-Württemberg](https://im.baden-wuerttemberg.de/fileadmin/redaktion/m-im/intern/dateien/20200501_Produktplan_BW.pdf), jeweils herausgegeben vom [Innenministerium Baden-Württemberg](https://im.baden-wuerttemberg.de).

Alle Beträge sind in EUR (€).";;"3363a926-67d0-49f0-a47e-373eff46e663";"dataset";"Daten des Haushaltsplans 2021";"2021-11-12T10:20:56.154413";"nicht gesetzt";"transparenz.karlsruhe.de|3363a926-67d0-49f0-a47e-373eff46e663"
"dl-de/by-2-0";;"Rechtsgültige Grundlage ist die [PDF-Version](https://www.karlsruhe.de/b4/stadtverwaltung/stadtfinanzen/HF_sections/rightColumn/ZZnHo74Z7EvE4K/ZZoNfGFjN3XdW8/HHPlan2021.pdf). Diese ist umfangreich dokumentiert und daher auch für das Verständnis der hier angebotenen Daten hilfreich.

Zusätzlich steht der Haushaltsplan als [interaktive Visualisierung](https://www.karlsruhe.de/b4/stadtverwaltung/stadtfinanzen/interaktiverhaushalt) bereit.

Für kommunale Haushalte in Baden-Württemberg gelten die [Verwaltungsvorschrift ""Produkt- und Kontenrahmen""](https://im.baden-wuerttemberg.de/fileadmin/redaktion/m-im/intern/dateien/pdf/20180926_-_VwV_Produkt-_und_Kontenrahmen.pdf) und der [kommunale Produktplan Baden-Württemberg](https://im.baden-wuerttemberg.de/fileadmin/redaktion/m-im/intern/dateien/20200501_Produktplan_BW.pdf), jeweils herausgegeben vom [Innenministerium Baden-Württemberg](https://im.baden-wuerttemberg.de).

Alle Beträge sind in EUR (€).";;"40c8827d-b85d-42c4-8270-f498d13b3282";"dataset";"Daten des Haushaltsplans 2022/2023";"2021-11-12T10:20:59.231349";"nicht gesetzt";"transparenz.karlsruhe.de|40c8827d-b85d-42c4-8270-f498d13b3282"
"dl-de/by-2-0";;"Die jährlich erscheinende Broschüre „Daten und Fakten“ enthält die wichtigsten Zahlen und Fakten zum Karlsruher Stadtgebiet. Abgebildet werden die wichtigsten Meilensteine der Stadtgeschichte und viele weitere Themengebiete wie beispielsweise Bevölkerung, Wirtschaft, Verkehr, Ökologie, Gesundheit und Soziales, Kultur und Bildung. Verzeichnisse der Stadt- und Ortschaftsräte sowie der Bürgervereine runden die Broschüre ab.

Quelle: unterschiedliche Quellen (siehe Broschüre) / Stadt Karlsruhe, Amt für Stadtentwicklung";;"1905e7df-c25b-4029-9cde-f123906d9d93";"dataset";"Daten und Fakten";"2021-11-12T10:20:53.828855";"nicht gesetzt";"transparenz.karlsruhe.de|1905e7df-c25b-4029-9cde-f123906d9d93"
"dl-de/by-2-0";;"Der vorliegende Energiebericht stellt die Fortschreibung für die Jahre 2016 und 2017 dar. Er gibt den Energie- und Wasserverbrauch, die Kosten und die Schadstoffemissionen für den Berichtszeitraum an und zeigt deren zeitliche Ent-wicklung für die über 200 energetisch intensiv überwachten Areale der Stadt Karlsruhe.";;"3cf5a15f-2dc7-4c22-873d-94df1be72b5e";"dataset";"Energieberichte Karlsruhe";"2021-11-12T10:20:58.598816";"nicht gesetzt";"transparenz.karlsruhe.de|3cf5a15f-2dc7-4c22-873d-94df1be72b5e"
"dl-de/by-2-0";;"Karlsruher Daten zur Europawahl 2019.

Mehr Informationen zum Thema Wahlen in Karlsruhe finden Sie [auf der Webseite des Wahlamts](https://www.karlsruhe.de/b4/buergerengagement/wahlen/europawahlen.de).

Weitere Daten zur Bundestagswahl 2017 finden Sie [bei der Landeszentrale für politische Bildung Baden-Württemberg](https://www.europawahl-bw.de/) und [beim Bundeswahlleiter](https://www.bundeswahlleiter.de/europawahlen/2019.html).";;"ef7cca66-6d3f-4c97-99ba-03cfeec88018";"dataset";"Europawahl 2019";"2021-11-12T10:21:22.135754";"nicht gesetzt";"transparenz.karlsruhe.de|ef7cca66-6d3f-4c97-99ba-03cfeec88018"
"Creative Commons Namensnennung - 4.0 International (CC-BY 4.0)";"Liegenschaftsamt";"Die Daten des Karlsruhe Baumkatasters enthalten Standort und Baumarten (Nadelbaum, Laubbaum, Obstbaum, ...) aller digital erhobenen Bäume, die im städtischen Geodatawarehouse gespeichert sind.
Dabei sind Bäume im Zuständigkeitsbereich des Gartenbauamts (GBA). Aber auch Bäume in der Zuständigkeit anderer Ämter der Stadtverwaltung, die das Liegenschaftsamt (LA) in der allgemeinen Stadttopografie dokumentiert.
Im Datenbestand der LA-Bäume sind aber auch Bäume auf Flächen des Landes BW oder von Kirchen. Ebenso sind LA-Bäume auf privaten Flächen möglich.
Ein Teil der Bäume ist terrestrisch vermessen. Es sind im Einzelfall Lageabweichungen der nicht terrestrisch vermessenen Baumstandorte von mehreren Dezimetern möglich.
Der Stand der einzelnen Datensätze ist sehr unterschiedlich und kann nicht ganzheitlich benannt werden.

Es kann keine Gewähr über die Vollständigkeit der Daten übernommen werden. Die Erhebung der Daten erfolgt entsprechend den jeweiligen Prozessabläufen in den datengebenden Ämtern der Stadt.
Zur weiteren Anreicherung des Datenbestandes, können Nutzer des Transparenzportals selbst erfasste neue Baumstandorte der Stadtverwaltung zukommen lassen.";"http://creativecommons.org/licenses/by/4.0/";"fcdceb2e-d16d-410c-ba0f-521ba8c6effa";"dataset";"Fachpläne - Baumkataster";"2021-11-12T10:21:23.815153";"nicht gesetzt";"transparenz.karlsruhe.de|fcdceb2e-d16d-410c-ba0f-521ba8c6effa"
"Creative Commons Namensnennung - 4.0 International (CC-BY 4.0)";;"Fahrrad Abstellanlagen in Karlsruhe";"http://creativecommons.org/licenses/by/4.0/";"90c1e89d-f054-425a-a826-10117c05fd32";"dataset";"Fahrrad Abstellanlagen";"2022-07-26T15:21:34.975119";"nicht gesetzt";"transparenz.karlsruhe.de|90c1e89d-f054-425a-a826-10117c05fd32"
;;"Übersichtskarte von Hofläden, Märkten, Milchautomaten und anderen Direktvermarktern aus der DACH-Region";;"cbb02888-fd1f-4bdd-b554-d9cc0058ef5b";"showcase";"farmshops.eu";"2022-03-14T15:00:05.006720";"nicht gesetzt";"transparenz.karlsruhe.de|cbb02888-fd1f-4bdd-b554-d9cc0058ef5b"
"dl-de/by-2-0";;"Im monatlich erscheinenden Bericht „Statistik Aktuell Fremdenverkehr“ wird die Zahl der ankommenden Gäste und der Übernachtungen in Karlsruhe nach ihrer Herkunft (Deutschland oder Ausland, ausgewählte Staaten/-gruppen) und der Betriebsart der Beherbergungsbetriebe aufgezeigt. Die Entwicklung der Gästeankünfte und Übernachtungen wird mit den vorherigen Monaten und dem Vorjahresmonat verglichen.

Quelle: Statistisches Landesamt Baden-Württemberg / Stadt Karlsruhe, Amt für Stadtentwicklung";;"35356806-2307-4cc3-8425-aece63f2d915";"dataset";"Fremdenverkehr";"2021-11-12T10:20:56.722340";"nicht gesetzt";"transparenz.karlsruhe.de|35356806-2307-4cc3-8425-aece63f2d915"
"Creative Commons Namensnennung - 4.0 International (CC-BY 4.0)";;"Fußgängerzone Karlsruhe";"http://creativecommons.org/licenses/by/4.0/";"ce31ce95-c811-4f45-b4ce-8c166d24680a";"dataset";"Fußgängerzone Karlsruhe";"2022-07-26T15:16:15.151950";"nicht gesetzt";"transparenz.karlsruhe.de|ce31ce95-c811-4f45-b4ce-8c166d24680a"
"dl-de/by-2-0";;"Der Themenkomplex „Gebäudegrößenstruktur“ beschäftigt sich mit dem Wohngebäudebestand und dessen Aufgliederung nach der Zahl der Wohnungen im Gebäude.

Quelle: Stadt Karlsruhe, Amt für Stadtentwicklung";;"74bf19a3-bf3a-43bf-947d-28b8fb5c80e5";"dataset";"Gebäudegrößenstruktur";"2021-11-12T10:21:07.773842";"nicht gesetzt";"transparenz.karlsruhe.de|74bf19a3-bf3a-43bf-947d-28b8fb5c80e5"
"Creative Commons Namensnennung - 4.0 International (CC-BY 4.0)";;"Die Zahl der Wohngebäude und die Zahl der Wohnungen sind wichtige Merkmale, um die Wohnraumversorgung in Karlsruhe zu beschreiben.

Quelle: Stadt Karlsruhe, Amt für Stadtentwicklung";"http://creativecommons.org/licenses/by/4.0/";"f98ff9c1-9be1-4412-afeb-751708836f1b";"dataset";"Gebäude und Wohnungen";"2021-11-12T10:21:23.562220";"nicht gesetzt";"transparenz.karlsruhe.de|f98ff9c1-9be1-4412-afeb-751708836f1b"
"Creative Commons Namensnennung - 4.0 International (CC-BY 4.0)";;"Straßen mit Geschwindigkeitslimits in Karlsruhe.";"http://creativecommons.org/licenses/by/4.0/";"e3e112ca-829b-4681-b4a9-7a001e013c91";"dataset";"Geschwindigkeiten";"2022-08-23T10:19:45.080524";"nicht gesetzt";"transparenz.karlsruhe.de|e3e112ca-829b-4681-b4a9-7a001e013c91"
"dl-de/by-2-0";;"Vorgesehene Geschwindigkeitsmessungen in den nächsten Tagen.

Kurzfristige Änderungen oder zusätzliche Messstellen sind aus aktuellem Anlass möglich.";;"e7f02b42-27b2-4522-8702-b4a3d6bc8c0c";"dataset";"Geschwindigkeitsmessungen";"2021-11-12T10:21:21.604822";"nicht gesetzt";"transparenz.karlsruhe.de|e7f02b42-27b2-4522-8702-b4a3d6bc8c0c"
"dl-de/by-2-0";;"Nach der Definition der amtlichen Statistik bilden Personen, die gemeinsam wohnen und wirtschaften, einen Haushalt. Der Themenblock „Haushalte“ beschäftigt sich mit der Zusammensetzung der Haushalte in Karlsruhe.

Quelle: Melderegister / Stadt Karlsruhe, Amt für Stadtentwicklung";;"42049995-8339-4e5d-9535-ff214d4ca81b";"dataset";"Haushalte";"2021-11-12T10:20:59.555529";"nicht gesetzt";"transparenz.karlsruhe.de|42049995-8339-4e5d-9535-ff214d4ca81b"
"dl-de/by-2-0";;"Der städtische Doppelhaushalt für die Jahre 2011 und 2012.";;"2b0d6af3-9a5b-40ec-91ae-5203118415e2";"dataset";"Haushaltsplan 2011/2012";"2021-11-12T10:20:54.793341";"nicht gesetzt";"transparenz.karlsruhe.de|2b0d6af3-9a5b-40ec-91ae-5203118415e2"
"dl-de/by-2-0";;"Der städtische Doppelhaushalt für die Jahre 2013 und 2014.";;"fcf85326-fdb0-41fb-ae5b-2a79d12a1bf5";"dataset";"Haushaltsplan 2013/2014";"2021-11-12T10:21:24.054278";"nicht gesetzt";"transparenz.karlsruhe.de|fcf85326-fdb0-41fb-ae5b-2a79d12a1bf5"
"dl-de/by-2-0";;"Der städtische Doppelhaushalt für die Jahre 2015 und 2016.";;"2ec46924-5b41-4491-b190-45e119a7e828";"dataset";"Haushaltsplan 2015/2016";"2021-11-12T10:20:55.603630";"nicht gesetzt";"transparenz.karlsruhe.de|2ec46924-5b41-4491-b190-45e119a7e828"
"dl-de/by-2-0";;"Der städtische Doppelhaushalt für die Jahre 2017 und 2018.

Eine maschinenlesbare Version der enthaltenen Daten finden Sie in einem [separaten Datensatz](https://transparenz.karlsruhe.de/dataset/haushaltsplan-daten-2017-2018).";;"56c1e41a-0a47-45db-9ac4-88211849ede9";"dataset";"Haushaltsplan 2017/2018";"2021-11-12T10:21:02.524846";"nicht gesetzt";"transparenz.karlsruhe.de|56c1e41a-0a47-45db-9ac4-88211849ede9"
"dl-de/by-2-0";;"Der städtische Doppelhaushalt für die Jahre 2019 und 2020.

Eine maschinenlesbare Version der enthaltenen Daten finden Sie in einem [separaten Datensatz](https://transparenz.karlsruhe.de/dataset/daten-des-haushaltsplans-2019-2020).

Zusätzlich steht der Haushaltsplan als [interaktive Visualisierung](https://www.karlsruhe.de/b4/stadtverwaltung/stadtfinanzen/interaktiverhaushalt) bereit.";;"8d16feed-fcae-4776-afbe-cfb49f60aaec";"dataset";"Haushaltsplan 2019/2020";"2021-11-12T10:21:10.553900";"nicht gesetzt";"transparenz.karlsruhe.de|8d16feed-fcae-4776-afbe-cfb49f60aaec"
"dl-de/by-2-0";;"Dieser Datensatz beinhaltet die wesentlichen Daten des städtischen Doppelhaushalts für die Jahre 2017 und 2018 in maschinenlesbarer Form.

Rechtsgültige Grundlage ist die [PDF-Version](https://transparenz.karlsruhe.de/dataset/haushaltsplan-2017-2018). Diese ist umfangreich dokumentiert und daher auch für das Verständnis der hier angebotenen Daten hilfreich.

Für kommunale Haushalte in Baden-Württemberg gelten die [Verwaltungsvorschrift ""Produkt- und Kontenrahmen""](https://im.baden-wuerttemberg.de/fileadmin/redaktion/m-im/intern/dateien/pdf/VwV_Produkt-_und_Kontenrahmen_komplett_29062016.pdf) und der [kommunale Produktplan Baden-Württemberg](https://im.baden-wuerttemberg.de/fileadmin/redaktion/m-im/intern/dateien/pdf/Kommunaler_Produktplan_Stand_14.06.2016.pdf), jeweils herausgegeben vom [Innenministerium Baden-Württemberg](https://im.baden-wuerttemberg.de).

Alle Beträge sind in EUR (€). Posten der internen Leistungsverrechnung (ILV) sind nicht enthalten.";;"b0e3ce51-a09b-47f6-b583-3250d731e21f";"dataset";"Daten des Haushaltsplans 2017/2018";"2021-11-12T10:21:14.940091";"nicht gesetzt";"transparenz.karlsruhe.de|b0e3ce51-a09b-47f6-b583-3250d731e21f"
"Creative Commons Namensnennung - 4.0 International (CC-BY 4.0)";;"Die Stadt leiser gestalten ist das Ziel bei der Fortschrei­bung ­des Lärmak­ti­ons­pla­nes.";"http://creativecommons.org/licenses/by/4.0/";"6d064d0e-0785-4e3c-a248-7e1c9c7cadca";"dataset";"Lärmaktionsplan";"2021-11-12T10:21:06.249025";"nicht gesetzt";"transparenz.karlsruhe.de|6d064d0e-0785-4e3c-a248-7e1c9c7cadca"
"dl-de/by-2-0";;"Das Amt für Stadtentwicklung der Stadt Karlsruhe hat aus dem 1. Atlas zur Gleichstellung von Frauen und Männern in Deutschland, herausgegeben vom Bundesministerium für Familie, Senioren, Frauen und Jugend (7/2009), die Indikatoren für die Stadt Karlsruhe sowie für Baden-Württemberg und die Bundesrepublik aufbereitet. Betrachtet werden ausgewählte Indikatoren aus den vier Handlungsfeldern Partizipation, Bildung und Ausbildung, Arbeit und Einkommen und Lebenswelt, für die Daten für das Karlsruher Stadtgebiet zur Verfügung stehen.

Quelle: unterschiedliche Quellen (siehe Broschüre) / Stadt Karlsruhe, Amt für Stadtentwicklung";;"a61c6cdc-059b-4509-9728-2a7708b82288";"dataset";"Indikatoren zur Gleichstellung von Frauen und Männern";"2021-11-12T10:21:13.227036";"nicht gesetzt";"transparenz.karlsruhe.de|a61c6cdc-059b-4509-9728-2a7708b82288"
"dl-de/by-2-0";;"Die Geschäfts­stelle des Gutach­ter­aus­schus­ses für die Ermitt­lung von Grund­stücks­wer­ten und sonstigen Werter­mitt­lun­gen in Karls­ruhe bringt zur weiteren Trans­pa­renz auf dem Grund­stücks­markt Zwischen­be­richte heraus. Diese geben Infor­ma­tio­nen zur Ent­wick­lung des Immobi­li­en­markts ergänzend zum jährlich her­aus­kom­men­den Immobi­li­en­markt­be­richt wieder.";;"c5fd90e9-20dd-421e-bd74-0ca61f79d9c7";"dataset";"Informationen zum Immobilienmarkt Karlsruhe";"2021-11-12T10:21:16.805735";"nicht gesetzt";"transparenz.karlsruhe.de|c5fd90e9-20dd-421e-bd74-0ca61f79d9c7"
"dl-de/by-2-0";;"Vom September 2011 bis September 2012 wurde der ""Karls­ru­he Masterplan 2015"" zu einem ""Inte­grier­ten Stadt­ent­wick­lungs­kon­zept Karlsruhe 2020"" fortge­schrie­ben. Mit der Fortschrei­bung wird zum einen der Blick auf die Zukunft Karlsruhes über das Jubilä­ums­jahr 2015 hinaus gerichtet.

Mehr Informationen zum Thema Stadtentwicklungskonzept in Karlsruhe finden Sie [auf der Webseite für Bürgerangegement](https://www.karlsruhe.de/b4/buergerengagement/karlsruhe2020.de).";;"cb9d8d49-48a7-47c6-ad3d-f06cab9790e4";"dataset";"Integriertes Stadtentwicklungskonzept Karlsruhe";"2021-11-12T10:21:18.780960";"nicht gesetzt";"transparenz.karlsruhe.de|cb9d8d49-48a7-47c6-ad3d-f06cab9790e4"
"dl-de/by-2-0";;"Die jährlich erscheinende Veröffentlichung „Statistisches Jahrbuch“ enthält umfassende und vielfältige Zahlen und Daten zum Karlsruher Stadtgebiet. Es werden die Themengebiete Bevölkerung, Bauen und Wohnen, Wirtschaft und Verkehr, Ökologie, Ver- und Entsorgung, Gesundheit und Soziales, Bildung, Kultur und Freizeit sowie Politik und Verwaltung abgedeckt. Daten für die Stadtteile und Stadtviertel werden angeboten wo immer möglich. Zahlen mit Bezug zu den umliegenden Gemeinden in Baden-Württemberg und Rheinland-Pfalz, ebenso wie für die Region (Raum PAMINA, Region Mittlerer Oberrhein) und weitere Großstädte in Baden-Württemberg runden die Veröffentlichung ab.

Quelle: unterschiedliche Quellen (siehe Veröffentlichung) / Stadt Karlsruhe, Amt für Stadtentwicklung";;"4a3650d2-c805-4b3e-af4c-b8ce62bf5a8f";"dataset";"Statistisches Jahrbuch";"2021-11-12T10:21:00.673011";"nicht gesetzt";"transparenz.karlsruhe.de|4a3650d2-c805-4b3e-af4c-b8ce62bf5a8f"
"dl-de/by-2-0";;"Das Kulturamt der Stadt Karlsruhe sammelt und verwahrt das kulturelle Erbe der Stadt, trägt durch Festivals, Ausstellungen, Veranstaltungen, Publikationen und die Bereitstellung von Medien wesentlich zur kulturellen Bildung bei, fördert in großem Umfang Kunst und Kultur und wirkt vernetzend und moderierend in die Stadt mit ihren vielen Kulturinstitutionen. In den Jahresberichten des Kulturamtes werden die Schwerpunkte im Veranstaltungs- und Ausstelllungsbereich vorgestellt sowie aktuelle Projekte und konzeptionelle Entwicklungen aufgezeigt. Zahlreiche Daten und Fakten unter anderem zum Kulturetat, zum Personalbestand, zu Besucherzahlen, zu internen und externen Dienstleistungen, zu Ausschreibungen und zum Bibliothekswesen ergänzen die Berichte.";;"b2f6ed11-6538-4ca9-b5cc-7248c7738a6d";"dataset";"Jahresberichte Kulturamt";"2021-11-12T10:21:15.346632";"nicht gesetzt";"transparenz.karlsruhe.de|b2f6ed11-6538-4ca9-b5cc-7248c7738a6d"
"Creative Commons Namensnennung - 4.0 International (CC-BY 4.0)";;"Die Stadtwerke Karlsruhe nehmen im Rahmen ihrer Trinkwasserüberwachungspflicht regelmäßig Trinkwasserproben in den Wasserwerken, aus den Trinkwasserbehältern des Verteilungsnetzes und an Zapfstellen in öffentlichen Gebäuden in Karlsruhe. Dieser Beprobungsplan ist mit dem Gesundheitsamt beim Landratsamt Karlsruhe als zuständiger, überwachender Behörde abgestimmt. Die Trinkwasserproben werden im Labor des DVGW-Technologiezentrums Wasser (TZW) in Karlsruhe auf die Konzentrationen verschiedener Substanzen im Wasser analysiert. 

Die PDF-Dateien ""Jahresmittelwerte Karlsruher Wasserwerke"" enthalten die gemittelten Messergebnisse aller Trinkwasserproben aus den Wasserwerken und den Trinkwasserbehältern der Stadtwerke Karlsruhe (ausgenommen den Karlsruhe Höhenstadtteilen) des letzten Jahres bezüglich den laut Trinkwasserverordnung zu untersuchenden Parametern.

Die Höhenstadtteile Hohenwettersbach, Grünwettersbach, Stupferich und Palmbach erhalten ihr Trinkwasser nicht von den Karlsruher Wasserwerken, sondern vom ""Zweckverband für die Wasserversorgung des Hügellandes zwischen Alb und Pfinz"". Dementsprechend sind für diese Stadtteile die PDF-Dateien ""Jahresmittelwerte Höhenstadtteile"" relevant.";"http://creativecommons.org/licenses/by/4.0/";"1860af02-3e7e-4b20-a8bd-a494f467d342";"dataset";"Jahresmittelwerte zur Trinkwasserqualität";"2021-11-12T10:20:53.156247";"nicht gesetzt";"transparenz.karlsruhe.de|1860af02-3e7e-4b20-a8bd-a494f467d342"
"dl-de/by-2-0";"Angela Leikowski";"In der Tabelle sind die Seitenaufrufe der einzelnen Leistungen nach Monaten über den Zeitraum von einem Jahr aufgelistet.";;"a73bcee8-2bbc-4a88-b10d-053b4dd75667";"dataset";"Jahresstatistik Bürgerdienste";"2021-11-12T10:21:14.027741";"nicht gesetzt";"transparenz.karlsruhe.de|a73bcee8-2bbc-4a88-b10d-053b4dd75667"
;;;;"5f63483b-c56a-40aa-b23f-adb8a9b37a12";"harvest";"ka-afsta";"2021-05-17T16:51:46.439329";"nicht gesetzt";"transparenz.karlsruhe.de|5f63483b-c56a-40aa-b23f-adb8a9b37a12"
"dl-de/by-2-0";;"Über den Dienst [KA-Feedback](https://feedback.karlsruhe.de) können Bürgerinnen und Bürger die Stadtverwaltung über Probleme wie z.B. Schlaglöcher oder defekte Straßenbeleuchtungen informieren.

Dieser Datensatz enthält Informationen zu den [eingegangen Meldungen](https://feedback.karlsruhe.de/report).

Die CSV-Dateien enthalten jeweils die folgenden Spalten:

* *Vorgangsnummer:* Eindeutige ID des Vorgangs
* *Kategorie:* Kategorie des Vorgangs
* *Ort:* Ort des Vorgangs
* *Zustand:* Zustand des Vorgangs zum Zeitpunkt des Datenexports
* *Erstellungsdatum:* Zeitstempel wann der Vorgang erstellt wurde
* *Letztes Bearbeitungsdatum:* Zeitstempel wann der Vorgang zum letzten Mal bearbeitet wurde
* *Eingangskanal:* Medium über das der Vorgang aufgenommen wurde. Mögliche Werte sind `MOBILE`(App), `WEB` (Webseite) und `CALL_115` (Bürgerhotline)";;"08bf8e15-a448-4524-808e-02e8c553a7eb";"dataset";"KA-Feedback Meldungen";"2021-11-12T10:20:50.900793";"nicht gesetzt";"transparenz.karlsruhe.de|08bf8e15-a448-4524-808e-02e8c553a7eb"
;;;;"cd89ce5b-b279-409b-b102-21c61322a9ff";"harvest";"ka-geo";"2021-05-03T10:00:26.003683";"nicht gesetzt";"transparenz.karlsruhe.de|cd89ce5b-b279-409b-b102-21c61322a9ff"
;;"Menschen mit Behinderungen erhalten mit dem Portal „Barrierefreie Stadt Karlsruhe“ Hinweise zur Barrierefreiheit öffentlicher und öffentlich zugänglicher Einrichtungen sowie weitere wichtige Informationen, die ihnen die individuelle Planung zur Mobilität in der Stadt Karlsruhe erleichtern sollen.   
Aktuell sind Ortsinformationen zu über 160 öffentlichen Einrichtungen im Stadtplan hinterlegt.   
Seit 2021 kooperiert „Karlsruhe barrierefrei“  außerdem mit dem Sozialhelden e.V.. Der gemeinnützige Berliner Verein hat das Community-Projekt „Wheelmap.org“ an den Start gebracht.  
„Karlsruhe barrierefrei“ ist über eine Schnittstelle an die ""Wheelmap"" angebunden und kann damit auch ausgewählte Daten der Wheelmap nutzen, aber auch vorhandene Daten der Karlsruher Web App schneller aktualisieren“.   
Weitere Informationen zum den Thema barrierefrei mobil in Karlsruhe finden Sie hier:  
https://www.karlsruhe.de/mobilitaet-stadtbild/mobilitaet/barrierefrei-mobil";;"ac278797-51e4-48fb-b3d1-cc1ca20ce2a6";"showcase";"Karlsruhe barrierefrei";"2022-07-28T10:57:25.934217";"nicht gesetzt";"transparenz.karlsruhe.de|ac278797-51e4-48fb-b3d1-cc1ca20ce2a6"
;;;;"32f925fd-446b-4b50-90df-d317470cf07a";"harvest";"Karlsruhe Original";"2021-11-12T09:54:47.943297";"nicht gesetzt";"transparenz.karlsruhe.de|32f925fd-446b-4b50-90df-d317470cf07a"
"dl-de/by-2-0";;"Das Karlsruher Hygie­ne­si­e­gel ist eine Auszeich­nung in Form einer Ur­kunde, die als Ergebnis der regel­mä­ßi­gen amtli­chen ­Be­triebs­kon­trolle an gute bis sehr gute Lebens­mit­tel­be­triebe im Stadt­ge­biet Karlsruhe verliehen wird. Hierzu zählen insbe­son­de­re ­Gast­stät­ten, Caterer, Großküchen, Kantinen, Metzge­reien, Bäcke­reien und Eisdielen.
Es handelt sich ausschließ­lich um eine Positiv­be­wer­tung, die von der zustän­di­gen Behörde - Lebens­mit­tel­über­wa­chung und Ve­te­ri­när­we­sen der Stadt Karlsruhe - vorge­nom­men wird.";;"24f44abd-b0b6-4326-9e60-2a9a51bbff6d";"dataset";"Karlsruher Hygienesiegel";"2021-11-12T10:20:54.227572";"nicht gesetzt";"transparenz.karlsruhe.de|24f44abd-b0b6-4326-9e60-2a9a51bbff6d"
"dl-de/by-2-0";;"Der Mietspiegel ist eine Übersicht über die Mieten, die in Karlsruhe für frei finanzierte Wohnungen bezahlt werden (ortsübliche Vergleichsmiete).";;"569169b8-8956-4f9e-b34a-02da4ffa3c53";"dataset";"Karlsruher Mietspiegel";"2021-11-12T10:21:02.113948";"nicht gesetzt";"transparenz.karlsruhe.de|569169b8-8956-4f9e-b34a-02da4ffa3c53"
;;"Visualisierung der Kennzahlen der Energie- und Treibhausgasbilanz der Stadt Karlsruhe";;"80c00350-bbe4-47ab-8862-cbf15f48619a";"showcase";"Energie- und Treibhausgasbilanz der Stadt Karlsruhe";"2022-05-16T12:34:51.006630";"nicht gesetzt";"transparenz.karlsruhe.de|80c00350-bbe4-47ab-8862-cbf15f48619a"
"dl-de/by-2-0";;"Die jährlich erscheinende Veröffentlichung „Statistik Aktuell Kindertagesbetreuung“ beschreibt vor allem die Situation der unter 3-jährigen Kinder in Karlsruhe, die in Kindertagespflege und Kindertageseinrichtungen betreut werden, aber auch andere Altersklassen werden betrachtet. Die Zahlen der betreuten Kinder und die Betreuungsquoten für Karlsruhe werden mit denen von anderen baden-württembergischen Städten verglichen.

Quelle: Statistisches Landesamt Baden-Württemberg / Stadt Karlsruhe, Amt für Stadtentwicklung";;"cdcc1362-7d48-4c44-8215-764306c01387";"dataset";"Kindertagesbetreuung";"2021-11-12T10:21:19.876892";"nicht gesetzt";"transparenz.karlsruhe.de|cdcc1362-7d48-4c44-8215-764306c01387"
"dl-de/by-2-0";;"Die jährlich erscheinende Veröffentlichung „Statistik Aktuell Kindeswohlgefährdung“ befasst sich mit den Verfahren zur Einschätzung der Kindeswohlgefährdung in Karlsruhe im Vergleich zu anderen Großstädten in Baden-Württemberg. Da Hinweise auf mögliche Gefährdungen von den verschiedensten Institutionen und Personen kommen können, werden die Verfahren nach der bekanntmachenden Person/Institution aufgelistet. Die statistischen Ergebnisse basieren auf den Mitteilungen des Jugendamtes.

Quelle: Statistisches Landesamt Baden-Württemberg / Stadt Karlsruhe, Amt für Stadtentwicklung";;"679481e2-993c-4002-91f8-a07e1fcd66ba";"dataset";"Kindeswohlgefährdung";"2021-11-12T10:21:05.354439";"nicht gesetzt";"transparenz.karlsruhe.de|679481e2-993c-4002-91f8-a07e1fcd66ba"
"Creative Commons Namensnennung - 4.0 International (CC-BY 4.0)";;"Links und Dokumente zur Fortschreibung des Klimaschutzkonzepts für Karlsruhe.  
Weitere Informationen zum Thema Klimaschutz in Karlsruhe hier:  
https://www.karlsruhe.de/umwelt-klima/klimaschutz-klimaanpassung/klimaschutzaktivitaeten-der-stadt-karlsruhe/klimaschutzziele-der-stadt-karlsruhe";"http://creativecommons.org/licenses/by/4.0/";"c564a324-a5a8-410f-b3b5-ee2a453e76b5";"dataset";"Klimaschutzkonzept Karlsruhe 2030";"2021-11-12T10:21:16.544651";"nicht gesetzt";"transparenz.karlsruhe.de|c564a324-a5a8-410f-b3b5-ee2a453e76b5"
;;"Veröffentlichung städtischer Klimadaten auf einer Webseite";;"0d2dd490-9913-4004-ad15-6fd6591b184f";"showcase";"Klimawatch";"2022-03-14T14:48:32.409047";"nicht gesetzt";"transparenz.karlsruhe.de|0d2dd490-9913-4004-ad15-6fd6591b184f"
;;"Prototyp - noch in Arbeit";;"920b8d72-0839-402e-ab6d-4a8cbee7bcd3";"showcase";"Kommunale Haushaltspläne - Städtevergleich";"2022-06-15T08:16:53.439203";"nicht gesetzt";"transparenz.karlsruhe.de|920b8d72-0839-402e-ab6d-4a8cbee7bcd3"
"dl-de/by-2-0";;"Nach § 40 Absatz 1a des Lebens­mit­tel-, Bedarfs­ge­gen­stände- und Fut­ter­mit­tel­ge­setz­bu­ches (LFGB) sind die zustän­di­gen Behör­den ­ver­pflich­tet, bei hinrei­chen­dem Verdacht die Verbrau­cher unter Na­mens­nen­nung des verant­wort­li­chen Unter­neh­mers über Überschrei­tun­gen festge­leg­ter ­Grenz­wer­te/Höchst­ge­hal­te/Höchst­men­gen im Anwen­dungs­be­reich des LFGB (Lebens­mit­tel und Futter­mit­tel) oder das Vorhan­den­sein eines nach Vorschrif­ten im An­wen­dungs­be­reich dieses Gesetzes nicht zugelas­se­nen oder ­ver­bo­te­nen Stoffs in dem Lebens­mit­tel oder Futter­mit­tel oder alle sonstigen Verstöße gegen Hygie­ne­vor­schrif­ten oder Vor­schrif­ten, die dem Gesund­heits- oder Täuschungs­schutz dienen, wenn sie in nicht unerheb­li­chem Ausmaß oder wiederholt erfol­gen und bei denen ein Bußgeld von mindestens 350 Euro zu erwar­ten ist unver­züg­lich zu infor­mie­ren.

Die Ergebnisse amtlicher Kontroll­tä­tig­keit nach dieser Vor­schrift werden landesweit auf der Inter­netseite http://www.verbrau­che­r­info-bw.de veröf­fent­licht.

Die Veröf­fent­li­chung dient vor allem der aktiven Infor­ma­tion des Ver­brau­chers aus Gründen behörd­li­cher Trans­pa­renz und sollte ­nicht als Warnung vor den aufge­führ­ten Produkten oder Betrie­ben ­miss­ver­stan­den werden. Die darge­stell­ten Infor­ma­tio­nen sollten da­her nicht mit anderen Formen der Veröf­fent­li­chung (öf­fent­li­chen Warnungen) nach diesem Gesetz, die der Ge­fah­ren­ab­wehr vor einer Gesund­heits­ge­fähr­dung des Verbrau­cher­s o­der vor einer erheb­li­chen Irrefüh­rung dienen, verwech­sel­t wer­den.";;"f69e895f-6c3a-4993-b94c-0413ceba9ff1";"dataset";"Kontrollergebnisse der amtlichen Lebensmittelüberwachung";"2021-11-12T10:21:22.671434";"nicht gesetzt";"transparenz.karlsruhe.de|f69e895f-6c3a-4993-b94c-0413ceba9ff1"
"dl-de/by-2-0";;"Die Jahresberichte zur Kriminalstatistik im Stadtkreis Karlsruhe basieren auf den Daten der Polizeilichen Kriminalstatistik (PKS), die der Statistikstelle beim Amt für Stadtentwicklung vom Polizeipräsidium Karlsruhe übermittelt und deren Analyse mit dem Polizeipräsidium Karlsruhe abgestimmt wurde. In der Polizeilichen Kriminalstatistik werden die von der Polizei bearbeiteten rechtswidrigen (Straf-) Taten einschließlich der mit Strafe bedrohten Versuche (ohne Ordnungswidrigkeiten) sowie die ermittelten Tatverdächtigen ausgewiesen.";;"0850510c-fd5f-43f8-bcf5-b61f163cf5bb";"dataset";"Kriminalstatistik";"2021-11-12T10:20:50.535618";"nicht gesetzt";"transparenz.karlsruhe.de|0850510c-fd5f-43f8-bcf5-b61f163cf5bb"
"dl-de/by-2-0";;"Der vorlie­gende Bericht zur Nutzung kultu­rel­ler Einrich­tun­gen und Angebote in Karlsruhe 2019, in den neben den Ergeb­nis­sen der Bürge­rum­frage 2019 auch Ergebnisse der im Juni und Juli unter 1.200 Befragten in der Region um Karlsruhe durch­ge­führ­ten Regions­um­frage 2019 sowie sekun­där­sta­tis­ti­sche Quellen einge­flos­sen sind";;"8094d20e-3187-4009-8c60-b5b60b938822";"dataset";"Kulturumfrage";"2021-11-12T10:21:08.381737";"nicht gesetzt";"transparenz.karlsruhe.de|8094d20e-3187-4009-8c60-b5b60b938822"
"Datenlizenz Deutschland – Zero – Version 2.0";;"Soll-Fahrplandaten des Karlsruher Verkehrsverbundes.";"https://www.govdata.de/dl-de/zero-2-0";"8cc60f8b-379c-4bba-89aa-a2e2e9725037";"dataset";"KVV Fahrplandaten";"2021-11-12T10:21:09.914086";"nicht gesetzt";"transparenz.karlsruhe.de|8cc60f8b-379c-4bba-89aa-a2e2e9725037"
"dl-de/by-2-0";;"Karlsruher Daten zur Landtagswahl 2016 in Baden-Württemberg.

Mehr Informationen zum Thema Wahlen in Karlsruhe finden Sie [auf der Webseite des Wahlamts](https://www.karlsruhe.de/b4/buergerengagement/wahlen).

Weitere Daten zur Landtagswahl 2016 in Baden-Württemberg finden Sie [auf der Webseite des Statistischen Landesamts](http://statistik-bw.de/Wahlen/Landtag/).";;"c6576352-5ece-4380-a837-1e454606bacd";"dataset";"Landtagswahl 2016";"2021-11-12T10:21:17.084311";"nicht gesetzt";"transparenz.karlsruhe.de|c6576352-5ece-4380-a837-1e454606bacd"
"dl-de/by-2-0";;"Karlsruher Daten zur Landtagswahl 2021 in Baden-Württemberg.

Mehr Informationen zum Thema Wahlen in Karlsruhe finden Sie unter https://wahlergebnisse.komm.one/02/produktion/wahltermin-20210314/08212000/html5/index.html

Weitere Daten zur Landtagswahl 2021 in Baden-Württemberg finden Sie [auf der Webseite des Statistischen Landesamts](http://statistik-bw.de/Wahlen/Landtag/).";;"61eaf3b7-5e8c-4742-be4b-4068cd9e901c";"dataset";"Landtagswahl 2021";"2021-11-12T10:21:04.432265";"nicht gesetzt";"transparenz.karlsruhe.de|61eaf3b7-5e8c-4742-be4b-4068cd9e901c"
"dl-de/by-2-0";;"n der Broschüre „Stadt­ent­wick­lung aktuell – Lebens­qua­li­tät in Karlsruhe im Städte­ver­gleich 2019“ werden die Themen­ge­biete Kommunale Infra­struk­tur, Ökologie, Öffent­li­cher Nahverkehr, Sicherheit, Soziales, Wohnen, Arbeit und Finanzen sowie Arbeit und Stadt­ver­wal­tung untersucht. Dabei vergleicht sich die Stadt Karlsruhe mit den struk­tu­rell oder von der Bevöl­ke­rungs­größe her ähnlichen deutschen Städten Aachen, Augsburg, Darmstadt, Freiburg, Mannheim und Stuttgart. Die Befra­gungs­er­geb­nisse für Karlsruhe beruhen auf Angaben von 1.000 Bürge­rin­nen und Bürgern im Alter von 15 Jahren und älter, die reprä­sen­ta­tiv nach Stadt­tei­len, Geschlecht und Alter­ss­truk­tur im Stadt­ge­biet ausgewählt wurden.";;"3376cafd-3e17-4c03-a8b9-852c55f62d66";"dataset";"Lebensqualität in Karlsruhe";"2021-11-12T10:20:56.423744";"nicht gesetzt";"transparenz.karlsruhe.de|3376cafd-3e17-4c03-a8b9-852c55f62d66"
"dl-de/by-2-0";;"Im Themenblock „Migration“ wird die Zusammensetzung der Karlsruher Bevölkerung nach ihrem Migrationshintergrund beschrieben. Dargestellt wird die Zahl der Personen mit Migrationshintergrund aufgeteilt nach Deutschen mit Migrationshintergrund sowie Ausländerinnen und Ausländern.

Quelle: Melderegister / Stadt Karlsruhe, Amt für Stadtentwicklung";;"9bc7289b-ba18-47cc-a5bb-75bb622759ab";"dataset";"Migration";"2021-11-12T10:21:11.764209";"nicht gesetzt";"transparenz.karlsruhe.de|9bc7289b-ba18-47cc-a5bb-75bb622759ab"
"dl-de/by-2-0";;"Der jährlich erscheinende Bericht „Statistik Aktuell Minijobs“ beschreibt die Situation der Menschen, die in einem Minijob beschäftigt sind und zeigt die Entwicklung der Zahl der Minijobber im Verlauf der Jahre auf. Minijobs sind für Arbeitgeber vor allem im Dienstleistungsbereich interessant, aber auch andere Branchen weisen hohe Zahlen an geringfügig Beschäftigten auf. Der Bericht greift zudem die unterschiedlichen Strukturen bei den Minijobbern nach Geschlecht und Alter auf.

Quelle: Bundesagentur für Arbeit / Stadt Karlsruhe, Amt für Stadtentwicklung";;"cd339fde-37a4-4277-9aec-56add34e5201";"dataset";"Minijobs";"2021-11-12T10:21:19.565100";"nicht gesetzt";"transparenz.karlsruhe.de|cd339fde-37a4-4277-9aec-56add34e5201"
;;"Das Mobilitätsportal der TechnologieRegion Karlsruhe und der Stadt Karlsruhe bietet aktuelle Informationen rund um das Thema Mobilität in Baden, der Südpfalz und im Nordelsass. Die Informations-Plattform bündelt - kostenlos und überwiegend in Echtzeit - alle Angaben zum Kraftfahrzeug- und Radverkehr, zum ÖPNV sowie zur multimodalen Mobilität.";;"7fdf4468-b316-4d47-a7db-0c07bf7b5e0d";"showcase";"Mobilitätsportal";"2022-07-21T12:53:07.277688";"nicht gesetzt";"transparenz.karlsruhe.de|7fdf4468-b316-4d47-a7db-0c07bf7b5e0d"
"Creative Commons Namensnennung - 4.0 International (CC-BY 4.0)";;"Parkplätze für Motorräder in Karlsruhe.";"http://creativecommons.org/licenses/by/4.0/";"40c202f0-ede3-4add-bdcf-4a85a26f8f59";"dataset";"Motorradparkplätze";"2022-07-26T14:55:16.836923";"nicht gesetzt";"transparenz.karlsruhe.de|40c202f0-ede3-4add-bdcf-4a85a26f8f59"
"dl-de/by-2-0";;"In Karlsruhe gibt es zahlreiche Initiativen, Gruppen, Akteurinnen und Akteure, die mit ihrem Engagement und ihren Aktivitäten die Bürgerinnen und Bürger über Themen der Nachhaltigkeit informieren und sensibilisieren möchten. Ebenso zahlreich sind die stationären Angebote wie zum Beispiel Geschäfte und Örtlichkeiten, die gelebte Nachhaltigkeit innerhalb der Stadt sichtbar, möglich und erlebbar machen.";;"393525de-32ce-415a-a81c-e874a1c392e0";"dataset";"Nachhaltigkeit in Karlsruhe";"2021-11-12T10:20:57.602430";"nicht gesetzt";"transparenz.karlsruhe.de|393525de-32ce-415a-a81c-e874a1c392e0"
"dl-de/by-2-0";;"Die statistische Sonderveröffentlichung „Nachhaltigkeitsentwicklung“ befasst sich mit Nachhaltigkeitsindikatoren, also mit messbaren und nachprüfbaren Parametern, die einen Überblick über den zeitlichen Verlauf und den Stand der nachhaltigen Entwicklung in Karlsruhe geben sollen. Diese sind in vier Handlungsfelder gegliedert: Umweltqualität, Ökonomie, Soziales und Partizipation. 

Quelle: unterschiedliche Quellen (siehe Veröffentlichung) / Stadt Karlsruhe, Amt für Stadtentwicklung";;"e8f2d2cc-454d-48b9-8f2d-62fcdb497da8";"dataset";"Nachhaltigkeitsentwicklung";"2021-11-12T10:21:21.879592";"nicht gesetzt";"transparenz.karlsruhe.de|e8f2d2cc-454d-48b9-8f2d-62fcdb497da8"
"Creative Commons Namensnennung - 4.0 International (CC-BY 4.0)";;"Parkhäuser in Karlsruhe";"http://creativecommons.org/licenses/by/4.0/";"c42d3f88-c6f2-4397-a753-9cbcc6db6c42";"dataset";"Parkhäuser";"2022-07-26T14:47:05.620061";"nicht gesetzt";"transparenz.karlsruhe.de|c42d3f88-c6f2-4397-a753-9cbcc6db6c42"
"Creative Commons Namensnennung - 4.0 International (CC-BY 4.0)";;"Parkscheiben Parkplätze";"http://creativecommons.org/licenses/by/4.0/";"896da50a-da82-44da-8f70-1f182240c8a4";"dataset";"Parkscheiben Parkplätze";"2022-07-26T14:41:10.498163";"nicht gesetzt";"transparenz.karlsruhe.de|896da50a-da82-44da-8f70-1f182240c8a4"
"Creative Commons Namensnennung - 4.0 International (CC-BY 4.0)";;"Standorte der Parkscheinautomaten in Karlsruhe.

Die zugehörigen Parkflächen finden sie [hier](https://transparenz.karlsruhe.de/dataset/parkscheinautomatenflachen).";"http://creativecommons.org/licenses/by/4.0/";"7cc0880d-97c0-493f-a5d9-9bda7e927e2d";"dataset";"Parkscheinautomaten";"2022-07-26T14:28:27.732149";"nicht gesetzt";"transparenz.karlsruhe.de|7cc0880d-97c0-493f-a5d9-9bda7e927e2d"
"Creative Commons Namensnennung - 4.0 International (CC-BY 4.0)";;"Flächen mit kostenpflichtige Parkplätzen die zu einem Parkautomaten gehören. 

Standorte der Parkscheinautomaten finden Sie [hier](https://transparenz.karlsruhe.de/dataset/parkscheinautomaten).";"http://creativecommons.org/licenses/by/4.0/";"58329e65-c5ad-42cd-a03b-623d32b4fe18";"dataset";"Parkscheinautomatenflächen";"2022-07-26T14:23:18.812751";"nicht gesetzt";"transparenz.karlsruhe.de|58329e65-c5ad-42cd-a03b-623d32b4fe18"
"dl-de/by-2-0";;"Entwicklung der Berufspendler 2009 – 2019";;"72006943-2ebe-4b2c-aca2-7a4c3020d1e8";"dataset";"Pendlerverflechtungen in Karlsruhe";"2021-11-12T10:21:07.096475";"nicht gesetzt";"transparenz.karlsruhe.de|72006943-2ebe-4b2c-aca2-7a4c3020d1e8"
"dl-de/by-2-0";;"Der zweijährlich erscheinende Bericht „Statistik Aktuell Pflegestatistik“ beschreibt die Situation der Menschen in Karlsruhe, die pflegebedürftig im Sinne des Pflegeversicherungsgesetzes (SGB XII) sind. Ziel dieser Statistik ist es, Daten hinsichtlich des Angebots von pflegerischer Versorgung zu gewinnen und die Nachfrage hiernach zu erfassen. Ob Karlsruher Seniorinnen und Senioren häufiger pflegebedürftig sind als ältere Menschen in anderen Gegenden des Landes, zeigt sich anhand eines Vergleichs zwischen den Großstädten in Baden-Württemberg.

Quelle: Statistisches Landesamt Baden-Württemberg / Stadt Karlsruhe, Amt für Stadtentwicklung";;"db56443d-81b0-48e5-8a6d-21d1b459a714";"dataset";"Pflegestatistik";"2021-11-12T10:21:20.685364";"nicht gesetzt";"transparenz.karlsruhe.de|db56443d-81b0-48e5-8a6d-21d1b459a714"
"dl-de/by-2-0";;;;"6dd7e7ae-85d1-4739-9ce8-3203ebf05277";"dataset";"Points of Interest - Baulandflächen";"2021-11-12T10:21:06.532065";"nicht gesetzt";"transparenz.karlsruhe.de|6dd7e7ae-85d1-4739-9ce8-3203ebf05277"
"dl-de/by-2-0";;;;"135d142f-588a-48b6-984b-8aaba7a38517";"dataset";"Points of Interest - Behinderteneinrichtungen";"2021-11-12T10:20:52.814795";"nicht gesetzt";"transparenz.karlsruhe.de|135d142f-588a-48b6-984b-8aaba7a38517"
"dl-de/by-2-0";;;;"8c4a2e98-9c95-46bc-832f-25a0d3a6ec72";"dataset";"Points of Interest - Behörden und öffentliche Einrichtungen";"2021-11-12T10:21:09.629624";"nicht gesetzt";"transparenz.karlsruhe.de|8c4a2e98-9c95-46bc-832f-25a0d3a6ec72"
"dl-de/by-2-0";;;;"8d26184b-c25e-478e-917c-df16a40f81d8";"dataset";"Points of Interest - Bestattungen";"2021-11-12T10:21:10.828827";"nicht gesetzt";"transparenz.karlsruhe.de|8d26184b-c25e-478e-917c-df16a40f81d8"
"dl-de/by-2-0";;;;"617a3f50-0b2d-42f2-95e9-475abe0f6553";"dataset";"Points of Interest - Bürgerservice";"2021-11-12T10:21:04.136497";"nicht gesetzt";"transparenz.karlsruhe.de|617a3f50-0b2d-42f2-95e9-475abe0f6553"
"dl-de/by-2-0";;;;"4bb805a0-165e-4449-8400-3b930d049865";"dataset";"Points of Interest - Dienstleistungen";"2021-11-12T10:21:01.123674";"nicht gesetzt";"transparenz.karlsruhe.de|4bb805a0-165e-4449-8400-3b930d049865"
"dl-de/by-2-0";;;;"570066cf-e92c-443e-9dcb-b40c1e57b994";"dataset";"Points of Interest - Entsorgungseinrichtungen";"2021-11-12T10:21:02.829634";"nicht gesetzt";"transparenz.karlsruhe.de|570066cf-e92c-443e-9dcb-b40c1e57b994"
"dl-de/by-2-0";;;;"96316e6a-06a0-4460-ad14-9cad4f5c5491";"dataset";"Points of Interest - Freizeit und Erholung";"2021-11-12T10:21:11.413644";"nicht gesetzt";"transparenz.karlsruhe.de|96316e6a-06a0-4460-ad14-9cad4f5c5491"
"dl-de/by-2-0";;;;"437c7db7-e117-4bc6-b9d8-37978e863774";"dataset";"Points of Interest - Gesundheit und Beratungsstellen";"2021-11-12T10:21:00.024914";"nicht gesetzt";"transparenz.karlsruhe.de|437c7db7-e117-4bc6-b9d8-37978e863774"
"dl-de/by-2-0";;;;"f92e8acd-ac3c-4872-bd01-a347be8b6370";"dataset";"Points of Interest - Hochschulen und Forschung";"2021-11-12T10:21:22.932920";"nicht gesetzt";"transparenz.karlsruhe.de|f92e8acd-ac3c-4872-bd01-a347be8b6370"
"dl-de/by-2-0";;;;"cb0aef57-cee7-4414-80cb-845abd0ae625";"dataset";"Points of Interest - Kinder und Jugendliche";"2021-11-12T10:21:18.448557";"nicht gesetzt";"transparenz.karlsruhe.de|cb0aef57-cee7-4414-80cb-845abd0ae625"
"dl-de/by-2-0";;;;"e177bcbd-218f-43f2-9b63-7417ee77923a";"dataset";"Points of Interest - Kultur";"2021-11-12T10:21:21.278260";"nicht gesetzt";"transparenz.karlsruhe.de|e177bcbd-218f-43f2-9b63-7417ee77923a"
"dl-de/by-2-0";;;;"6b384654-234d-48c7-9554-9b32c74043bf";"dataset";"Points of Interest - Öffentlicher Nahverkehr (ÖPNV)";"2021-11-12T10:21:05.826155";"nicht gesetzt";"transparenz.karlsruhe.de|6b384654-234d-48c7-9554-9b32c74043bf"
"dl-de/by-2-0";;;;"8cf9701f-a3ec-4b14-85a3-8294678153f9";"dataset";"Points of Interest - Parken und Autoservices";"2021-11-12T10:21:10.227064";"nicht gesetzt";"transparenz.karlsruhe.de|8cf9701f-a3ec-4b14-85a3-8294678153f9"
"dl-de/by-2-0";;;;"8a399423-64c3-445e-9334-310a09b08b3c";"dataset";"Points of Interest - Radverkehr";"2021-11-12T10:21:09.342442";"nicht gesetzt";"transparenz.karlsruhe.de|8a399423-64c3-445e-9334-310a09b08b3c"
"dl-de/by-2-0";;;;"c657e486-232a-4b91-b6e0-cd409ed1cf5c";"dataset";"Points of Interest - Schulen";"2021-11-12T10:21:17.391113";"nicht gesetzt";"transparenz.karlsruhe.de|c657e486-232a-4b91-b6e0-cd409ed1cf5c"
"dl-de/by-2-0";;;;"3ec0b4b4-b183-4ad4-ad87-57b67069a70a";"dataset";"Points of Interest - Senioren";"2021-11-12T10:20:58.917632";"nicht gesetzt";"transparenz.karlsruhe.de|3ec0b4b4-b183-4ad4-ad87-57b67069a70a"
"dl-de/by-2-0";;;;"f131d57b-2e35-492b-8be9-b4f0f16e3ce4";"dataset";"Points of Interest - Sonstige Bildungseinrichtungen";"2021-11-12T10:21:22.408689";"nicht gesetzt";"transparenz.karlsruhe.de|f131d57b-2e35-492b-8be9-b4f0f16e3ce4"
"dl-de/by-2-0";;;;"3735f95c-f3c8-4966-bf7b-11f221ba3206";"dataset";"Points of Interest - Sportanlagen";"2021-11-12T10:20:56.990397";"nicht gesetzt";"transparenz.karlsruhe.de|3735f95c-f3c8-4966-bf7b-11f221ba3206"
"dl-de/by-2-0";;;;"325a0e21-89f0-411d-ba1f-01e468dba320";"dataset";"Points of Interest - Tourismus";"2021-11-12T10:20:55.873339";"nicht gesetzt";"transparenz.karlsruhe.de|325a0e21-89f0-411d-ba1f-01e468dba320"
"dl-de/by-2-0";;;;"941a2fd1-e9ae-4822-99ce-14c0c0203987";"dataset";"Points of Interest - Versorgung";"2021-11-12T10:21:11.106034";"nicht gesetzt";"transparenz.karlsruhe.de|941a2fd1-e9ae-4822-99ce-14c0c0203987"
"dl-de/by-2-0";;;;"a2c00819-7595-496d-8c34-262cd9a8f4f0";"dataset";"Points of Interest - Wirtschaft";"2021-11-12T10:21:12.918124";"nicht gesetzt";"transparenz.karlsruhe.de|a2c00819-7595-496d-8c34-262cd9a8f4f0"
"Creative Commons Namensnennung - 4.0 International (CC-BY 4.0)";;"Radnetz der Stadt Karlsruhe";"http://creativecommons.org/licenses/by/4.0/";"85bdf4a2-0ef1-49b8-9421-e9538c3dadc2";"dataset";"Radnetz Stadt Karlsruhe";"2022-07-21T10:07:45.283565";"nicht gesetzt";"transparenz.karlsruhe.de|85bdf4a2-0ef1-49b8-9421-e9538c3dadc2"
"dl-de/by-2-0";;"Seit 1997 führt das Amt für Stadt­ent­wick­lung in dreijäh­ri­gem Turnus die Befragung der Bevöl­ke­rung in der Region Karlsruhes durch. Dabei liegen Schwer­punkte auf dem Image der Stadt, der Besuchs­häu­fig­keit und der Besuchs­an­lässe sowie dem Besuchs­ver­hal­ten.

Die Ergebnisse zeigen einen Zuwachs der hochge­rech­ne­ten Besuche. Insbe­son­dere gewinnt Karlsruhe zunehmend an Bedeutung als Arbeitsort. Aber auch für Einkäufe (insbe­son­dere die Hauptein­kaufs­la­gen Kaiser­straße und Ettlinger Tor) und Freizeit­an­ge­bote (zum Beispiel für Filmver­an­stal­tun­gen oder Frei- und Hallen­bä­der) wird Karslruhe gerne und häufig besucht.";;"4d960874-8938-49b5-8504-29bbdd2f8a13";"dataset";"Regionsumfrage";"2021-11-12T10:21:01.462325";"nicht gesetzt";"transparenz.karlsruhe.de|4d960874-8938-49b5-8504-29bbdd2f8a13"
"dl-de/by-2-0";;"Nach der Karlsruher Hundesteuersatzung ist jeder über drei Monate alte Hund bei der Stadtkämmerei anzumelden.

Quelle: Stadtkämmerei der Stadt Karlsruhe, eigene Berechnungen";;"5ee4244d-943f-4b26-9c86-c11e843e8351";"dataset";"Registrierte Hunde";"2021-11-12T10:21:03.539937";"nicht gesetzt";"transparenz.karlsruhe.de|5ee4244d-943f-4b26-9c86-c11e843e8351"
"dl-de/by-2-0";;"Die zweijährlich erscheinende Veröffentlichung „Statistik Aktuell Schwerbehindertenstatistik“ beschreibt die Situation der anerkannt schwerbehinderten Menschen in Karlsruhe. Erfasst werden alle schwerbehinderten Menschen, die zum Stichtag 31.12. im Besitz eines gültigen Ausweises für behinderte Menschen sind und einen Grad der Behinderung von mindestens 50 haben. Die Ursachen der Behinderungen sind vielfältig und reichen von angeborenen Behinderungen bis hin zu Unfallfolgen, in den meisten Fällen sind sie jedoch altersbedingt. Auch die Art der Behinderung wird in der Broschüre beleuchtet.

Quelle: Statistisches Landesamt Baden-Württemberg / Stadt Karlsruhe, Amt für Stadtentwicklung";;"538bacb6-0a45-456d-9a6b-17f37843adea";"dataset";"Schwerbehindertenstatistik";"2021-11-12T10:21:01.755263";"nicht gesetzt";"transparenz.karlsruhe.de|538bacb6-0a45-456d-9a6b-17f37843adea"
"dl-de/by-2-0";;"Der Sicherheitsbericht informiert Sie über wichtige Themen, die das Ordnungs und Bürgeramt im vergangenen Jahr beschäftigt haben.";;"bc8fb80a-b154-4b43-831e-d7bde4902103";"dataset";"Sicherheitsbericht";"2021-11-12T10:21:16.268644";"nicht gesetzt";"transparenz.karlsruhe.de|bc8fb80a-b154-4b43-831e-d7bde4902103"
"dl-de/by-2-0";;"Das Sicher­heits­emp­fin­den der Bevöl­ke­rung ist eine Schlüs­sel­größe für viele Bereiche der gesell­schaft­li­chen Teilhabe. Die vorlie­gen­den Ergebnisse der Umfrage zeigen, dass vor allem in der Innenstadt und bei Dunkelheit das Sicher­heits­ge­fühl der Karlsruher Bevöl­ke­rung nachge­las­sen hat.";;"9bf02626-cc60-4eb0-b79c-8ea3a11d818d";"dataset";"Sicherheitsempfinden der Bevölkerung";"2021-11-12T10:21:12.095817";"nicht gesetzt";"transparenz.karlsruhe.de|9bf02626-cc60-4eb0-b79c-8ea3a11d818d"
"Datenlizenz Deutschland – Zero – Version 2.0";;"Die Zahl der Kinderspielplätze, deren bespielbare Fläche sowie der Spielflächenfehlbedarf oder Spielflächenüberschuss sind Merkmale, um die Versorgung mit Spielflächen in Karlsruhe zu beschreiben.

Quelle: Stadt Karlsruhe, Gartenbauamt / Stadt Karlsruhe, Amt für Stadtentwicklung";"https://www.govdata.de/dl-de/zero-2-0";"5e1001f4-2cef-4a37-b6c8-16896fa74678";"dataset";"Spielflächenversorgung";"2021-11-12T10:21:03.197288";"nicht gesetzt";"transparenz.karlsruhe.de|5e1001f4-2cef-4a37-b6c8-16896fa74678"
"dl-de/by-2-0";;"CSV-Dateien zur Suche von Sportvereinen in Karlsruhe nach Sportarten und Stadtteilen.

https://web1.karlsruhe.de/db/sportvereine/index.php";;"bb417865-b44c-499c-8a32-a413a57be453";"dataset";"Sportangebot der Sportvereine in Karlsruhe";"2021-11-12T10:21:15.985021";"nicht gesetzt";"transparenz.karlsruhe.de|bb417865-b44c-499c-8a32-a413a57be453"
"dl-de/by-2-0";;"Die statistische Sonderveröffentlichung „Stadtteilprofile Karlsruhe“ enthält die wichtigsten Zahlen und Fakten zu den Karlsruher Stadtteilen und bietet einen systematischen und leicht verständlichen Überblick über die Struktur und Entwicklung aller Stadtteile. Abgebildet werden die wichtigsten Meilensteine der Geschichte der Stadtteile und viele weitere Themengebiete wie beispielsweise Bevölkerung, Wirtschaft, Sicherheit, Soziale Infrastruktur, Sportstätten, Kultur und Bildung.

Quelle: unterschiedliche Quellen (siehe Veröffentlichung) / Stadt Karlsruhe, Amt für Stadtentwicklung";;"0d0822d0-28e8-42b6-9815-697439a0a3d2";"dataset";"Stadtteilprofile Karlsruhe";"2021-11-12T10:20:51.346456";"nicht gesetzt";"transparenz.karlsruhe.de|0d0822d0-28e8-42b6-9815-697439a0a3d2"
"dl-de/by-2-0";;"Mit diesem Tätigkeitsbericht wird ein Einblick auf die erbrachten Leistungen und die gemeisterten Herausforderungen des Marktamtes gegeben.";;"c6be3e29-2026-486b-a32a-2142b3a38827";"dataset";"Tätigkeitsbericht Marktamt";"2021-11-12T10:21:17.886712";"nicht gesetzt";"transparenz.karlsruhe.de|c6be3e29-2026-486b-a32a-2142b3a38827"
"Creative Commons Namensnennung - 4.0 International (CC-BY 4.0)";;"Tempo 20 Zonen Karlsruhe";"http://creativecommons.org/licenses/by/4.0/";"c9c9d83a-f650-4bff-aa51-54e4c6843e6a";"dataset";"Tempo 20 Zonen Karlsruhe";"2022-07-26T13:38:39.364382";"nicht gesetzt";"transparenz.karlsruhe.de|c9c9d83a-f650-4bff-aa51-54e4c6843e6a"
"Creative Commons Namensnennung - 4.0 International (CC-BY 4.0)";;"Tempo 30 Zonen Karlsruhe";"http://creativecommons.org/licenses/by/4.0/";"0f47b9d2-90d5-42ba-a711-aec25d792826";"dataset";"Tempo 30 Zonen Karlsruhe";"2022-07-26T13:34:07.735516";"nicht gesetzt";"transparenz.karlsruhe.de|0f47b9d2-90d5-42ba-a711-aec25d792826"
"dl-de/by-2-0";;"Im monatlich erscheinenden Bericht „Statistik Aktuell Tourismus“ wird die Zahl der ankommenden Gäste und der Übernachtungen in Karlsruhe nach ihrer Herkunft (Deutschland oder Ausland, ausgewählte Staaten/-gruppen) und der Betriebsart der Beherbergungsbetriebe aufgezeigt. Die Entwicklung der Gästeankünfte und Übernachtungen wird mit den vorherigen Monaten und dem Vorjahresmonat verglichen.

Quelle: Statistisches Landesamt Baden-Württemberg / Stadt Karlsruhe, Amt für Stadtentwicklung";;"11c1d9f4-e4b6-4422-9711-04ddf6365c79";"dataset";"Tourismus Monatsbericht";"2021-11-12T10:20:51.763099";"nicht gesetzt";"transparenz.karlsruhe.de|11c1d9f4-e4b6-4422-9711-04ddf6365c79"
"dl-de/by-2-0";;"Der jährlich erscheinende Bericht „Statistik Aktuell Tourismus“ beschreibt die Tourismusbranche in Karlsruhe. In der Statistik sind alle Karlsruher Hotels, Pensionen, Gasthöfe und Betriebe der Parahotellerie enthalten, sofern sie 10 oder mehr Schlafgelegenheiten für Übernachtungsgäste zur Verfügung stellen. Dargestellt wird die Zahl der ankommenden Gäste und der Übernachtungen in Karlsruhe nach ihrer Herkunft (Deutschland oder Ausland, ausgewählte Staaten/-gruppen) und nach der Betriebsart und Kategorie der Beherbergungsbetriebe. Die Entwicklung der Gästeankünfte und Übernachtungen wird als Monats- und Quartalsergebnisse dargestellt und mit den Vorjahren verglichen.

Quelle: Statistisches Landesamt Baden-Württemberg/ Stadt Karlsruhe, Amt für Stadtentwicklung";;"a88c3969-23c5-4859-a65b-99e06930a575";"dataset";"Tourismus Jahresbericht";"2021-11-12T10:21:14.294368";"nicht gesetzt";"transparenz.karlsruhe.de|a88c3969-23c5-4859-a65b-99e06930a575"
"Creative Commons CC Zero License (cc-zero)";;"Der Datensatz für die Karlsruher Treibhausgasbilanz wurde auf Basis der Vorgaben von Klimawatch.de aufgebaut.";"http://www.opendefinition.org/licenses/cc-zero";"7306d25b-8b18-445f-9351-6eec030c7753";"dataset";"Treibhausgasbilanz Karlsruhe";"2022-05-17T12:16:47.749606";"nicht gesetzt";"transparenz.karlsruhe.de|7306d25b-8b18-445f-9351-6eec030c7753"
"Creative Commons Namensnennung - 4.0 International (CC-BY 4.0)";;"Die Stadtwerke Karlsruhe nehmen im Rahmen ihrer Trinkwasserüberwachungspflicht regelmäßig Trinkwasserproben in den Wasserwerken, aus den Trinkwasserbehältern des Verteilungsnetzes und an Zapfstellen in öffentlichen Gebäuden in Karlsruhe. Die Trinkwasserproben werden im Labor des DVGW-Technologiezentrums Wasser (TZW) in Karlsruhe auf die Konzentrationen verschiedener Substanzen im Wasser analysiert. Über die Forderungen der Trinkwasserverordnung hinaus untersuchen die Stadtwerke im Trinkwasser zusätzliche Stoffe. Viele dieser Substanzen werden ebenfalls regelmäßig untersucht. Sofern Substanzen nur eine geringe Relevanz haben, werden diese in größeren Zeitabständen oder einmalig untersucht. Die hier veröffentlichten Daten werden unabhängig von der tatsächlichen Messfrequenz ca. ein bis zwei Mal pro Jahr aktualisiert.

Der Hochbehälter Luss liegt zentral im Trinkwasserversorgungsnetz von Karlsruhe. Er erhält Trinkwasser von allen vier Wasserwerken der Stadtwerke Karlsruhe. Die Trinkwasserbeschaffenheit im Hochbehälter Luss kann als repräsentativ für die Trinkwasserbeschaffenheit in Karlsruhe (außer den Höhenstadtteilen) angesehen werden. Bei Sonderuntersuchungsprogrammen zu speziellen Substanzen im Trinkwasser ist er daher in der Regel beteiligt.";"http://creativecommons.org/licenses/by/4.0/";"6dfd8a0c-019f-401c-82b6-4f808e31f7f9";"dataset";"Trinkwasseranalyse Hochbehälter Luss";"2021-11-12T10:21:06.778976";"nicht gesetzt";"transparenz.karlsruhe.de|6dfd8a0c-019f-401c-82b6-4f808e31f7f9"
"dl-de/by-2-0";;"Der Themenblock „Übergänge auf weiterführende Schulen – Übergangsquoten“ befasst sich mit der Zahl und dem Anteil der Schülerinnen und Schüler, die von einer öffentlichen Schule (i.d.R. Grundschule) auf eine weiterführende Schule wechseln.

Quelle: Schul- und Sportamt der Stadt Karlsruhe / Stadt Karlsruhe, Amt für Stadtentwicklung";;"890dc375-684f-4693-99fd-134b594bc83f";"dataset";"Übergänge auf weiterführende Schulen";"2021-11-12T10:21:09.028398";"nicht gesetzt";"transparenz.karlsruhe.de|890dc375-684f-4693-99fd-134b594bc83f"
"dl-de/by-2-0";;;;"d684d86e-789b-4dd2-801d-bbe00dbfc341";"dataset";"Übersichtskarte Geothermieanlagen";"2021-11-12T10:21:20.406103";"nicht gesetzt";"transparenz.karlsruhe.de|d684d86e-789b-4dd2-801d-bbe00dbfc341"
;;"Umweltzone Karlsruhe";;"fbc5d9ec-84e3-47e8-8387-bb41d09d8d7d";"dataset";"Umweltzone Karlsruhe";"2022-07-26T12:47:22.656659";"nicht gesetzt";"transparenz.karlsruhe.de|fbc5d9ec-84e3-47e8-8387-bb41d09d8d7d"
"Creative Commons CC Zero License (cc-zero)";"Stadt Karlsruhe";"öffentlicher Veranstaltungskalender der Stadt Karlsruhe";"http://www.opendefinition.org/licenses/cc-zero";"292066ff-78df-46b9-a35a-05d89e30156f";"dataset";"Veranstaltungskalender";"2022-03-28T11:14:05.337691";"nicht gesetzt";"transparenz.karlsruhe.de|292066ff-78df-46b9-a35a-05d89e30156f"
"Creative Commons Namensnennung - 4.0 International (CC-BY 4.0)";;"Verkehrsberuhigte Bereiche in Karlsruhe.";"http://creativecommons.org/licenses/by/4.0/";"59d620bb-e0e9-49cf-bd9f-3bf5ea0024da";"dataset";"Verkehrsberuhigte Bereiche";"2022-07-26T12:19:46.643616";"nicht gesetzt";"transparenz.karlsruhe.de|59d620bb-e0e9-49cf-bd9f-3bf5ea0024da"
"dl-de/by-2-0";;"Die Erhebung von Daten zum Verkehrsverhalten der Bevölkerung dient als Datengrundlage formeller und informeller Verkehrsplanungen sowie politischer Entscheidungen.
Die Analysedaten gliedern sich in Haushalts-, Personen- und Wegedaten, die in Form von repräsentativen Haushaltsbefragungen erhoben werden. Der Erhebungs-zeitraum für Karlsruhe erstreckte sich von Februar 2018 bis Januar 2019";;"79822c72-a2ce-4c20-9033-b5bc8940e0b9";"dataset";"Verkehrsmittelwahl und Mobilitätsverhalten";"2021-11-12T10:21:08.104568";"nicht gesetzt";"transparenz.karlsruhe.de|79822c72-a2ce-4c20-9033-b5bc8940e0b9"
"dl-de/by-2-0";"holger.diener@it.karlsruhe.de";"Wetterdaten der Wetterstation der Landes­an­stalt für Umwelt ­Ba­den-Württem­berg (LUBW) auf dem Dach der Heinrich-Hübsch-Schule.
""Datum"", ""Mittlere_Temperatur"", ""Temp_max"", ""Temp_min"", ""Regen_mm"", ""Strahlung_ W/m²"", ""Mittlere_Windgeschwindigkeit_km/h"", ""Windboen_km/h"", ""Richtung"", ""Mittlerer_Luftdruck_hPa"", ""Mittlere_Luftfeuchte"", ""Taupunkt"", ""Sonnenscheindauer_Min""";;"2e3545b3-b44e-492d-a5c9-f3a84f98e935";"dataset";"Wetterdaten 13 Monate rückwirkend";"2021-11-12T10:20:55.361546";"nicht gesetzt";"transparenz.karlsruhe.de|2e3545b3-b44e-492d-a5c9-f3a84f98e935"
"Creative Commons CC Zero License (cc-zero)";"Open Knowledge Lab Karlsruhe";"Veranstaltungsorte und Öffnungszeiten der Karlsruher Wochenmärkte.";"http://www.opendefinition.org/licenses/cc-zero";"65571194-1b1a-4ce1-b169-15942647208c";"dataset";"Wochenmärkte";"2021-11-12T10:21:04.715532";"nicht gesetzt";"transparenz.karlsruhe.de|65571194-1b1a-4ce1-b169-15942647208c"
"dl-de/by-2-0";;"Die Wochenmarktanalyse beinhaltet einen Überblick rund um die Wochenmärkte im gesamten Stadtgebiet und fasst den aktuellen Ist-Zustand zusammen. Sie soll als Grundlage für die Erstellung weiterer Konzepte und Maßnahmen in der Zukunft dienen.";;"c7d05fb9-e79f-40f2-9777-52560015b5cb";"dataset";"Wochenmarktanalyse";"2021-11-12T10:21:18.180789";"nicht gesetzt";"transparenz.karlsruhe.de|c7d05fb9-e79f-40f2-9777-52560015b5cb"
"dl-de/by-2-0";;"Der jährlich erscheinende Bericht „Statistik Aktuell Wohngeldstatistik“ beschäftigt sich mit dem nach dem Wohngeldgesetz (WoGG) gewährten Wohngeld, das auf Antrag als Zuschuss zu den Aufwendungen für den Wohnraum gewährt wird. Es wird als Mietzuschuss für Mieter oder in Form von Lastenzuschuss für Wohnungseigentum gewährt. Im Bericht werden die Zahl der Wohngeldhaushalte und die Höhe des Zuschusses für Karlsruhe und weitere ausgewählte baden-württembergische Städte sowie die Entwicklung im Verlauf der Jahre dargestellt.

Quelle: Statistisches Landesamt Baden-Württemberg / Stadt Karlsruhe, Amt für Stadtentwicklung";;"60975cb7-5cef-4d40-b4d7-739205a6bc64";"dataset";"Wohngeldstatistik";"2021-11-12T10:21:03.839265";"nicht gesetzt";"transparenz.karlsruhe.de|60975cb7-5cef-4d40-b4d7-739205a6bc64"
"Creative Commons Namensnennung - 4.0 International (CC-BY 4.0)";;"Ausgewiesene Standorte von Wohnmobilparkplätzen in Karlsruhe.";"http://creativecommons.org/licenses/by/4.0/";"87143811-2668-404a-a2c0-c366d0194747";"dataset";"Wohnmobilparkplätze";"2022-07-26T11:56:17.942868";"nicht gesetzt";"transparenz.karlsruhe.de|87143811-2668-404a-a2c0-c366d0194747"
;;"Eine interaktive Karte der Karlsruher Wochenmärkte und ihrer Öffnungszeiten.";;"38e4c42a-4810-4333-9151-7da6761a54a9";"showcase";"Wo ist Markt?";"2021-11-30T14:52:29.804598";"nicht gesetzt";"transparenz.karlsruhe.de|38e4c42a-4810-4333-9151-7da6761a54a9"
"dl-de/by-2-0";;"Die statistische Sonderveröffentlichung „Statistik Aktuell Zensusergebnisse 2011 - Bevölkerungsstruktur in Karlsruhe“ bietet einen kurzen ersten Einblick in die Bevölkerungsstruktur in Karlsruhe am 9. Mai 2011, erhoben im Rahmen des Zensus 2011. Mit dem Zensus wird ermittelt, wie viele Menschen in einem Land, in einer Stadt oder einer Gemeinde leben, wie sie wohnen und arbeiten. Zudem liefert er die neue Basis für die Fortschreibung der amtlichen Einwohnerzahl.

Quelle: Statistisches Landesamt Baden-Württemberg / Stadt Karlsruhe, Amt für Stadtentwicklung";;"264ca5f0-c0a4-490f-89f1-861415f92a2f";"dataset";"Zensusergebnisse Bevölkerungsstruktur in Karlsruhe";"2021-11-12T10:20:54.522386";"nicht gesetzt";"transparenz.karlsruhe.de|264ca5f0-c0a4-490f-89f1-861415f92a2f"
"dl-de/by-2-0";;"Die statistische Sonderveröffentlichung „Bevölkerung und Erwerbstätigkeit – Ergebnisse des Zensus 2011“ bietet einen umfassenden Einblick in die Bevölkerungsstruktur in Karlsruhe am 9. Mai 2011, erhoben im Rahmen des Zensus 2011. Mit dem Zensus wird ermittelt, wie viele Menschen in einem Land, in einer Stadt oder einer Gemeinde leben, wie sie wohnen und arbeiten. Andererseits stehen auch weiterführende Angaben zur Erwerbstätigkeit oder zur Schul- und Berufsbildung der Bürgerinnen und Bürger zur Verfügung. Gerade Zahlen zu diesen Themenkomplexen, aber auch zur Religionszugehörigkeit und zur Aufgliederung des Migrationshintergrunds der Bevölkerung lagen bisher nur in unzureichendem Maße aus der amtlichen Statistik vor, sodass der Zensus 2011 hierfür erstmals umfangreiche, detaillierte und vergleichbare Ergebnisse liefert.

Quelle: Statistisches Landesamt Baden-Württemberg / Stadt Karlsruhe, Amt für Stadtentwicklung";;"3bd4278d-c9c3-43d6-b1e8-d48fde8ca883";"dataset";"Bevölkerung und Erwerbstätigkeit Zensus 2011";"2021-11-12T10:20:57.900002";"nicht gesetzt";"transparenz.karlsruhe.de|3bd4278d-c9c3-43d6-b1e8-d48fde8ca883"
"dl-de/by-2-0";;"Die statistische Sonderveröffentlichung „Gebäude und Wohnungen in Karlsruhe – Ergebnisse des Zensus 2011“ bietet einen umfassenden Einblick in die die Struktur des Gebäude- und Wohnungsbestands in Karlsruhe am 9. Mai 2011. Mit den Ergebnissen aus der Gebäude- und Wohnungszählung, die im Rahmen des Zensus 2011 bei allen Eigentümerinnen und Eigentümern von Wohnungen und Gebäuden mit Wohnraum durchgeführt wurde, liegen nach 1987 erstmals wieder umfassende Strukturdaten für den gesamten Wohnungs- und Gebäudebestand in Karlsruhe vor.

Quelle: Statistisches Landesamt Baden-Württemberg / Stadt Karlsruhe, Amt für Stadtentwicklung";;"b37184be-9e05-4576-8340-e291e380defa";"dataset";"Gebäude- und Wohnungen in Karlsruhe Zensus 2011";"2021-11-12T10:21:15.701129";"nicht gesetzt";"transparenz.karlsruhe.de|b37184be-9e05-4576-8340-e291e380defa"
"dl-de/by-2-0";;"Die statistische Sonderveröffentlichung „Statistik Aktuell Zensusergebnisse 2011 - Gebäude und Wohnungen in Karlsruhe“ beinhaltet einen kurzen ersten Einblick in die Struktur des Gebäude- und Wohnungsbestands in Karlsruhe am 9. Mai 2011, erhoben durch die Gebäude- und Wohnungszählung im Rahmen des Zensus 2011.

Quelle: Statistisches Landesamt Baden-Württemberg / Stadt Karlsruhe, Amt für Stadtentwicklung";;"d0a376e1-4660-4ca2-8fe5-f6c021a14257";"dataset";"Zensusergebnisse Gebäude und Wohnungen in Karlsruhe";"2021-11-12T10:21:20.141443";"nicht gesetzt";"transparenz.karlsruhe.de|d0a376e1-4660-4ca2-8fe5-f6c021a14257"
;;;;;;;;"nicht gesetzt";
"Datenlizenz Deutschland – Zero – Version 2.0";;;"https://www.govdata.de/dl-de/zero-2-0";"da_181gso";"document";"Bundestagswahl 2021 Dormagen Kommunalwahlbezirk";;;"opendata.dormagen.de|da_181gso"
"Datenlizenz Deutschland – Zero – Version 2.0";;;"https://www.govdata.de/dl-de/zero-2-0";"da_acckxg";"document";"Landtagswahl-2022-Kommunalbezirke";;;"opendata.dormagen.de|da_acckxg"
"Datenlizenz Deutschland – Zero – Version 2.0";;;"https://www.govdata.de/dl-de/zero-2-0";"da_yzp1up";"document";"Bürgerentscheid 2013-03-10 Kommunalwahlbezirk";;;"opendata.dormagen.de|da_yzp1up"
"Datenlizenz Deutschland – Zero – Version 2.0";;;"https://www.govdata.de/dl-de/zero-2-0";"da_k2vivw";"document";"Bundestagswahl 2017 Dormagen Wahlbezirk";;;"opendata.dormagen.de|da_k2vivw"
"Datenlizenz Deutschland – Zero – Version 2.0";;;"https://www.govdata.de/dl-de/zero-2-0";"da_i4ujoi";"document";"Altersstruktur der Dormagener Stadtteile 2021";;;"opendata.dormagen.de|da_i4ujoi"
"Datenlizenz Deutschland – Zero – Version 2.0";;;"https://www.govdata.de/dl-de/zero-2-0";"da_szcqij";"document";"Bundestagswahl 2013 Kommunalwahlbezirk";;;"opendata.dormagen.de|da_szcqij"
"Datenlizenz Deutschland – Zero – Version 2.0";;;"https://www.govdata.de/dl-de/zero-2-0";"da_veis8r";"document";"Schülerstatistik Oktober";;;"opendata.dormagen.de|da_veis8r"
"Datenlizenz Deutschland – Zero – Version 2.0";;;"https://www.govdata.de/dl-de/zero-2-0";"da_aw0nj8";"document";"Kreistagswahl-2020-Gemeindeergebnis";;;"opendata.dormagen.de|da_aw0nj8"
"Datenlizenz Deutschland – Zero – Version 2.0";;;"https://www.govdata.de/dl-de/zero-2-0";"da_nuwreu";"document";"Kreistagswahl 2014 Stadt Dormagen";;;"opendata.dormagen.de|da_nuwreu"
"Datenlizenz Deutschland – Zero – Version 2.0";;;"https://www.govdata.de/dl-de/zero-2-0";"da_z0v57n";"document";"Bürgermeisterwahl 2014 Stimmbezirk";;;"opendata.dormagen.de|da_z0v57n"
"dl-de-by-2.0";;;;"da_a8mfyk";"document";"Neckarauer Übergang - Eco Counter Verkehrszähler";;;"mannheim.opendatasoft.com|da_a8mfyk"
"dl-de-by-2.0";;;;"da_975hzr";"document";"Kurt-Schumacher-Brücke Süd (Hafenstr.) - Eco Counter Verkehrszähler";;;"mannheim.opendatasoft.com|da_975hzr"
"dl-de-by-2.0";;;;"da_e79u2m";"document";"Jungbuschbrücke - Eco Counter Verkehrszähler";;;"mannheim.opendatasoft.com|da_e79u2m"
"dl-de-by-2.0";;;;"da_wkvyj7";"document";"Renzstr. - Eco Counter Verkehrszähler";;;"mannheim.opendatasoft.com|da_wkvyj7"
"dl-de-by 2.0";;;;"da_brgvc1";"document";"Stadtrecht der Stadt Mannheim 5.02";;;"mannheim.opendatasoft.com|da_brgvc1"
"dl-de-by-2.0";;;;"da_2jz6h5";"document";"Bevölkerungsbestand in Mannheim 2009-2020";;;"mannheim.opendatasoft.com|da_2jz6h5"
"dl-de-by 2.0";;;;"da_x48au9";"document";"Gemeinderatswahlen Ergebnisse 1926-2014";;;"mannheim.opendatasoft.com|da_x48au9"
"dl-de-by-2.0";;;;"da_q0tp96";"document";"VRN-Nextbike";;;"mannheim.opendatasoft.com|da_q0tp96"
"dl-de-by-2.0";;;;"da_a5zbnr";"document";"Kurpfalzbrücke Neckarstadt - Eco Counter Verkehrszähler";;;"mannheim.opendatasoft.com|da_a5zbnr"
"dl-de-by-2.0";;;;"da_vflvze";"document";"Lindenhofüberführung - Eco Counter Verkehrszähler";;;"mannheim.opendatasoft.com|da_vflvze"
"Nutzungsbedingungen der LHP";;;"https://potsdam.opendatasoft.com/terms/terms-of-use/";"da_kuuy3r";"document";"besonderes Städtebaurecht Potsdam";;;"opendata.potsdam.de|da_kuuy3r"
"Nutzungsbedingungen der LHP";;;"https://potsdam.opendatasoft.com/terms/terms-of-use/";"da_lagmw3";"document";"Wohnungen nach Wohnungsgröße in Potsdam seit 1999";;;"opendata.potsdam.de|da_lagmw3"
"Nutzungsbedingungen der LHP";;;"https://potsdam.opendatasoft.com/terms/terms-of-use/";"da_azihzg";"document";"Wahlergebnisse zur Bundestagswahl am 26.9.2021 (csv)";;;"opendata.potsdam.de|da_azihzg"
"Nutzungsbedingungen der LHP";;;"https://potsdam.opendatasoft.com/terms/terms-of-use/";"da_gzv522";"document";"Einwohner in Potsdam nach Hauptaltersgruppen seit 1992";;;"opendata.potsdam.de|da_gzv522"
"Nutzungsbedingungen der LHP";;;"https://potsdam.opendatasoft.com/terms/terms-of-use/";"da_e8yevp";"document";"Standplätze Glassammlung in Potsdam";;;"opendata.potsdam.de|da_e8yevp"
"Nutzungsbedingungen der LHP";;;"https://potsdam.opendatasoft.com/terms/terms-of-use/";"da_7gijr0";"document";"Wahlergebnisse zur Oberbürgermeisterstichwahl am 14.10.2018 (csv)";;;"opendata.potsdam.de|da_7gijr0"
"Nutzungsbedingungen der LHP";;;"https://potsdam.opendatasoft.com/terms/terms-of-use/";"da_06nxp8";"document";"Digitales Geländemodell 2010 1m Potsdam";;;"opendata.potsdam.de|da_06nxp8"
"Nutzungsbedingungen der LHP";;;"https://potsdam.opendatasoft.com/terms/terms-of-use/";"da_i33m1a";"document";"Digitale Orthophotos 2009 20cm Potsdam";;;"opendata.potsdam.de|da_i33m1a"
"Nutzungsbedingungen der LHP";;;"https://potsdam.opendatasoft.com/terms/terms-of-use/";"da_ns83hx";"document";"COVID-19-Zahlen Potsdam";;;"opendata.potsdam.de|da_ns83hx"
"Nutzungsbedingungen der LHP";;;"https://potsdam.opendatasoft.com/terms/terms-of-use/";"da_ns1tz7";"document";"Leinenpflicht in Potsdam";;;"opendata.potsdam.de|da_ns1tz7"
"Datenlizenz Deutschland – Zero – Version 2.0";;;"https://www.govdata.de/dl-de/zero-2-0";"da_ck7ig4";"document";"Rhein-Kreis Neuss: ab 2011 Bevölkerungsstand nach Nationalität und Geschlecht";;;"opendata.rhein-kreis-neuss.de|da_ck7ig4"
"Datenlizenz Deutschland – Zero – Version 2.0";;;"https://www.govdata.de/dl-de/zero-2-0";"da_mxqxaj";"document";"Rhein-Kreis Neuss: 2018 Arbeitsmarkt im Überblick";;;"opendata.rhein-kreis-neuss.de|da_mxqxaj"
"Datenlizenz Deutschland – Zero – Version 2.0";;;"https://www.govdata.de/dl-de/zero-2-0";"da_1v8rqw";"document";"Dormagen: Kindergärten";;;"opendata.rhein-kreis-neuss.de|da_1v8rqw"
"Datenlizenz Deutschland – Zero – Version 2.0";;;"https://www.govdata.de/dl-de/zero-2-0";"da_rd467b";"document";"Rhein-Kreis Neuss: Kommunen inkl. Stadtteile";;;"opendata.rhein-kreis-neuss.de|da_rd467b"
"Datenlizenz Deutschland – Zero – Version 2.0";;;"https://www.govdata.de/dl-de/zero-2-0";"da_hos9ci";"document";"Rhein-Kreis Neuss: Infektionsstatistik nach Ort";;;"opendata.rhein-kreis-neuss.de|da_hos9ci"
"Datenlizenz Deutschland – Zero – Version 2.0";;;"https://www.govdata.de/dl-de/zero-2-0";"da_bnrcw9";"document";"Rhein-Kreis Neuss: 2021 COVID-19 Bestätigte Fälle (aktuell) im Verlauf nach Altersgruppen";;;"opendata.rhein-kreis-neuss.de|da_bnrcw9"
"Datenlizenz Deutschland – Zero – Version 2.0";;;"https://www.govdata.de/dl-de/zero-2-0";"da_x44yps";"document";"Rhein-Kreis Neuss: 2017 Schüler nach Schulform";;;"opendata.rhein-kreis-neuss.de|da_x44yps"
"Datenlizenz Deutschland – Zero – Version 2.0";;;"https://www.govdata.de/dl-de/zero-2-0";"da_7qie4f";"document";"Rhein-Kreis Neuss: 2017 Infektionsstatistik";;;"opendata.rhein-kreis-neuss.de|da_7qie4f"
"Datenlizenz Deutschland – Zero – Version 2.0";;;"https://www.govdata.de/dl-de/zero-2-0";"da_hg514a";"document";"Dormangen: Tischtennisplatten";;;"opendata.rhein-kreis-neuss.de|da_hg514a"
"Datenlizenz Deutschland – Zero – Version 2.0";;;"https://www.govdata.de/dl-de/zero-2-0";"da_rl1ty1";"document";"Rhein-Kreis Neuss: 2019 Europawahl";;;"opendata.rhein-kreis-neuss.de|da_rl1ty1"
