"city";"country";"technology";"api";"url";"is_applicable";"lat";"long";"location"
"Karlsruhe";"Deutschland";"CKAN";"transparenz.karlsruhe.de/api/3/action/package_list";"transparenz.karlsruhe.de";1;"49,00689";"8,403653";"Karlsruhe,Deutschland"
"Münster";"Deutschland";"CKAN + Drupal";"opendata.stadt-muenster.de/api/3/action/package_list";"opendata.stadt-muenster.de";1;"51,960665";"7,626135";"Münster,Deutschland"
"Potsdam";"Deutschland";"OpenDataSoft";"opendata.potsdam.de/api/v2/catalog/datasets";"opendata.potsdam.de";1;"52,390569";"13,064473";"Potsdam,Deutschland"
"Dormagen";"Deutschland";"OpenDataSoft";"https://opendata.dormagen.de/api/v2/catalog/datasets";"opendata.dormagen.de";1;"51,093685";"6,828911";"Dormagen,Deutschland"
"Herne";"Deutschland";"GeoNetwork";"https://opendata.herne.de/katalogopendata/doc/api/index.html";"opendata.herne.de";1;"51,536895";"7,200915";"Herne,Deutschland"
"Mannheim";"Deutschland";"OpenDataSoft";"https://mannheim.opendatasoft.com/api/v2/catalog/datasets";"mannheim.opendatasoft.com";1;"49,487459";"8,6604";"Mannheim,Deutschland"
"Potsdam";"Deutschland";"OpenDataSoft";"https://opendata.potsdam.de/api/v2/catalog/datasets";"opendata.potsdam.de";1;"52,390569";"13,064473";"Potsdam,Deutschland"
"Rhein-Kreis-Neuss";"Deutschland";"OpenDataSoft";"https://opendata.rhein-kreis-neuss.de/api/v2/catalog/datasets";"opendata.rhein-kreis-neuss.de";1;"51,204197";"6,687951";"Rhein-Kreis-Neuss,Deutschland"
