
{
    "portals_array": [
        {
            "portal": {
                "city": "Karlsruhe",
                "country": "Deutschland",
                "technology": "CKAN",
                "api": "transparenz.karlsruhe.de/api/3/action/package_list",
                "url": "transparenz.karlsruhe.de",
                "is_applicable": 1,
                "lat": "49,00689",
                "long": "8,403653",
                "location": "Karlsruhe,Deutschland"
            }
        },
        {
            "portal": {
                "city": "Münster",
                "country": "Deutschland",
                "technology": "CKAN + Drupal",
                "api": "opendata.stadt-muenster.de/api/3/action/package_list",
                "url": "opendata.stadt-muenster.de",
                "is_applicable": 1,
                "lat": "51,960665",
                "long": "7,626135",
                "location": "Münster,Deutschland"
            }
        },
        {
            "portal": {
                "city": "Potsdam",
                "country": "Deutschland",
                "technology": "OpenDataSoft",
                "api": "opendata.potsdam.de/api/v2/catalog/datasets",
                "url": "opendata.potsdam.de",
                "is_applicable": 1,
                "lat": "52,390569",
                "long": "13,064473",
                "location": "Potsdam,Deutschland"
            }
        },
        {
            "portal": {
                "city": "Dormagen",
                "country": "Deutschland",
                "technology": "OpenDataSoft",
                "api": "https://opendata.dormagen.de/api/v2/catalog/datasets",
                "url": "opendata.dormagen.de",
                "is_applicable": 1,
                "lat": "51,093685",
                "long": "6,828911",
                "location": "Dormagen,Deutschland"
            }
        },
        {
            "portal": {
                "city": "Herne",
                "country": "Deutschland",
                "technology": "GeoNetwork",
                "api": "https://opendata.herne.de/katalogopendata/doc/api/index.html",
                "url": "opendata.herne.de",
                "is_applicable": 1,
                "lat": "51,536895",
                "long": "7,200915",
                "location": "Herne,Deutschland"
            }
        },
        {
            "portal": {
                "city": "Mannheim",
                "country": "Deutschland",
                "technology": "OpenDataSoft",
                "api": "https://mannheim.opendatasoft.com/api/v2/catalog/datasets",
                "url": "mannheim.opendatasoft.com",
                "is_applicable": 1,
                "lat": "49,487459",
                "long": "8,6604",
                "location": "Mannheim,Deutschland"
            }
        },
        {
            "portal": {
                "city": "Potsdam",
                "country": "Deutschland",
                "technology": "OpenDataSoft",
                "api": "https://opendata.potsdam.de/api/v2/catalog/datasets",
                "url": "opendata.potsdam.de",
                "is_applicable": 1,
                "lat": "52,390569",
                "long": "13,064473",
                "location": "Potsdam,Deutschland"
            }
        },
        {
            "portal": {
                "city": "Rhein-Kreis-Neuss",
                "country": "Deutschland",
                "technology": "OpenDataSoft",
                "api": "https://opendata.rhein-kreis-neuss.de/api/v2/catalog/datasets",
                "url": "opendata.rhein-kreis-neuss.de",
                "is_applicable": 1,
                "lat": "51,204197",
                "long": "6,687951",
                "location": "Rhein-Kreis-Neuss,Deutschland"
            }
        }
    ]
}