"pkg_key";"tag_key"
"transparenz.karlsruhe.de|055668d5-ce43-4916-a771-203d8ff5cf8a";"transparenz.karlsruhe.de|02484e25-8366-40e9-961e-d5f9e28d2861"
"transparenz.karlsruhe.de|055668d5-ce43-4916-a771-203d8ff5cf8a";"transparenz.karlsruhe.de|193aa3fd-ed98-430d-ac56-b73f8348a449"
"transparenz.karlsruhe.de|055668d5-ce43-4916-a771-203d8ff5cf8a";"transparenz.karlsruhe.de|34c4fb10-a838-4973-9277-d1cffe5e24fe"
"transparenz.karlsruhe.de|055668d5-ce43-4916-a771-203d8ff5cf8a";"transparenz.karlsruhe.de|712bbba0-b6e2-4554-bac5-6c27ecb58435"
"transparenz.karlsruhe.de|055668d5-ce43-4916-a771-203d8ff5cf8a";"transparenz.karlsruhe.de|a8726d84-7dcb-406f-8aeb-286b82728650"
"transparenz.karlsruhe.de|055668d5-ce43-4916-a771-203d8ff5cf8a";"transparenz.karlsruhe.de|baf08a08-24b0-4c1f-9d28-e04a650ef593"
"transparenz.karlsruhe.de|055668d5-ce43-4916-a771-203d8ff5cf8a";"transparenz.karlsruhe.de|d2ad37f8-be32-4e33-9ec7-66d46d4f49e5"
"transparenz.karlsruhe.de|0788d395-b5e4-4ca0-963d-99801ab4682c";"transparenz.karlsruhe.de|6cdc075a-b944-4385-b3c5-9a5cae4e8c8a"
"transparenz.karlsruhe.de|0788d395-b5e4-4ca0-963d-99801ab4682c";"transparenz.karlsruhe.de|b0a05248-88fa-4dfb-bcc7-a95e748bbb3a"
"transparenz.karlsruhe.de|0850510c-fd5f-43f8-bcf5-b61f163cf5bb";"transparenz.karlsruhe.de|00f8cd5d-955e-4f05-84a0-f583966b8477"
"transparenz.karlsruhe.de|0850510c-fd5f-43f8-bcf5-b61f163cf5bb";"transparenz.karlsruhe.de|5804d163-d151-4b86-a764-a846db486cb4"
"transparenz.karlsruhe.de|0850510c-fd5f-43f8-bcf5-b61f163cf5bb";"transparenz.karlsruhe.de|6a904e53-5aee-4482-82fa-ec632a3d8500"
"transparenz.karlsruhe.de|0850510c-fd5f-43f8-bcf5-b61f163cf5bb";"transparenz.karlsruhe.de|c80afff4-4b6f-442b-b806-88d645083dfb"
"transparenz.karlsruhe.de|08bf8e15-a448-4524-808e-02e8c553a7eb";"transparenz.karlsruhe.de|5ae323bf-1962-4f82-8a7a-f48f8db42585"
"transparenz.karlsruhe.de|08bf8e15-a448-4524-808e-02e8c553a7eb";"transparenz.karlsruhe.de|f8252cc8-d3fe-4e29-91dc-aaae876a7908"
"transparenz.karlsruhe.de|0d0822d0-28e8-42b6-9815-697439a0a3d2";"transparenz.karlsruhe.de|123393cb-9695-4d6f-90e7-1985e5b0a8ee"
"transparenz.karlsruhe.de|0d0822d0-28e8-42b6-9815-697439a0a3d2";"transparenz.karlsruhe.de|22c06c4c-3b6a-4868-8f5d-fa50d7dc0fe3"
"transparenz.karlsruhe.de|0d0822d0-28e8-42b6-9815-697439a0a3d2";"transparenz.karlsruhe.de|23c0daad-5be5-432b-b31d-7d0ec29dee84"
"transparenz.karlsruhe.de|0d0822d0-28e8-42b6-9815-697439a0a3d2";"transparenz.karlsruhe.de|538b0833-ddd9-476e-95b9-f3d96d16be0a"
"transparenz.karlsruhe.de|0d0822d0-28e8-42b6-9815-697439a0a3d2";"transparenz.karlsruhe.de|57205def-d8da-4b03-9904-f11686c4cebb"
"transparenz.karlsruhe.de|0d0822d0-28e8-42b6-9815-697439a0a3d2";"transparenz.karlsruhe.de|6a2e93c8-5f16-4094-be83-2f68da2bf8cd"
"transparenz.karlsruhe.de|0d0822d0-28e8-42b6-9815-697439a0a3d2";"transparenz.karlsruhe.de|7670a1d5-24fc-416a-b9d1-e3b7afa3efce"
"transparenz.karlsruhe.de|0d0822d0-28e8-42b6-9815-697439a0a3d2";"transparenz.karlsruhe.de|7c4367f8-26a1-43f4-b0ab-a93220862e46"
"transparenz.karlsruhe.de|0d0822d0-28e8-42b6-9815-697439a0a3d2";"transparenz.karlsruhe.de|8b093be4-2f06-4aad-b03d-3f224b10256f"
"transparenz.karlsruhe.de|0d0822d0-28e8-42b6-9815-697439a0a3d2";"transparenz.karlsruhe.de|a9998c5f-3674-4a93-bb15-212629974167"
"transparenz.karlsruhe.de|0d0822d0-28e8-42b6-9815-697439a0a3d2";"transparenz.karlsruhe.de|c212b1b4-c46e-4019-be97-7eff8f6d3089"
"transparenz.karlsruhe.de|0d0822d0-28e8-42b6-9815-697439a0a3d2";"transparenz.karlsruhe.de|ed048b51-bb3c-47c7-82d0-3131db77f961"
"transparenz.karlsruhe.de|0d0822d0-28e8-42b6-9815-697439a0a3d2";"transparenz.karlsruhe.de|f7057753-4769-4dc1-957c-eafeedd1b534"
"transparenz.karlsruhe.de|0d0822d0-28e8-42b6-9815-697439a0a3d2";"transparenz.karlsruhe.de|f9df9e28-6bbb-48b6-a94e-49362eca7723"
"transparenz.karlsruhe.de|0d0822d0-28e8-42b6-9815-697439a0a3d2";"transparenz.karlsruhe.de|fdade641-4b18-4ecb-ad56-74ffb6cb97af"
"transparenz.karlsruhe.de|0d2dd490-9913-4004-ad15-6fd6591b184f";"transparenz.karlsruhe.de|231f96f9-320e-4cbe-b23b-939caef186bc"
"transparenz.karlsruhe.de|0d2dd490-9913-4004-ad15-6fd6591b184f";"transparenz.karlsruhe.de|425f34b8-70f0-4d2b-a54d-82892c068d3e"
"transparenz.karlsruhe.de|0d2dd490-9913-4004-ad15-6fd6591b184f";"transparenz.karlsruhe.de|62426f0e-a995-44f9-821c-1c9841a2faf8"
"transparenz.karlsruhe.de|0d2dd490-9913-4004-ad15-6fd6591b184f";"transparenz.karlsruhe.de|64fc2f31-eb73-4efe-9f14-0c349218de02"
"transparenz.karlsruhe.de|0d2dd490-9913-4004-ad15-6fd6591b184f";"transparenz.karlsruhe.de|9b62b29b-c46f-4712-b3b2-9e13f8a7f3cb"
"transparenz.karlsruhe.de|0d2dd490-9913-4004-ad15-6fd6591b184f";"transparenz.karlsruhe.de|b7ac86fe-41d8-4d8b-8172-8fa38bec4249"
"transparenz.karlsruhe.de|0f47b9d2-90d5-42ba-a711-aec25d792826";"transparenz.karlsruhe.de|d14db02f-62c5-42ec-8c9b-26509a0547f7"
"transparenz.karlsruhe.de|0f47b9d2-90d5-42ba-a711-aec25d792826";"transparenz.karlsruhe.de|e989702d-b21f-4df4-ac8c-ea2cfcda0128"
"transparenz.karlsruhe.de|11c1d9f4-e4b6-4422-9711-04ddf6365c79";"transparenz.karlsruhe.de|1123b907-ad5e-438b-9ab0-6ef5a791b249"
"transparenz.karlsruhe.de|11c1d9f4-e4b6-4422-9711-04ddf6365c79";"transparenz.karlsruhe.de|49b848a0-be93-46d1-b299-7eb890256033"
"transparenz.karlsruhe.de|11c1d9f4-e4b6-4422-9711-04ddf6365c79";"transparenz.karlsruhe.de|4b1d0570-5a33-444c-a6ff-d16672583b1f"
"transparenz.karlsruhe.de|11c1d9f4-e4b6-4422-9711-04ddf6365c79";"transparenz.karlsruhe.de|9d8c7c2e-7ce2-4269-88b0-15f7be4c1054"
"transparenz.karlsruhe.de|11c1d9f4-e4b6-4422-9711-04ddf6365c79";"transparenz.karlsruhe.de|a4a93979-4829-4e4a-952e-f2fb82ef7527"
"transparenz.karlsruhe.de|11c1d9f4-e4b6-4422-9711-04ddf6365c79";"transparenz.karlsruhe.de|d6bf7f3f-f973-4b26-8b67-1f6d1fef31f3"
"transparenz.karlsruhe.de|11c1d9f4-e4b6-4422-9711-04ddf6365c79";"transparenz.karlsruhe.de|ef4535ca-361e-4400-a06a-0a4c1324a3ea"
"transparenz.karlsruhe.de|135d142f-588a-48b6-984b-8aaba7a38517";"transparenz.karlsruhe.de|f8252cc8-d3fe-4e29-91dc-aaae876a7908"
"transparenz.karlsruhe.de|13c95909-1c10-40cc-9b61-4f585aa0be13";"transparenz.karlsruhe.de|d14db02f-62c5-42ec-8c9b-26509a0547f7"
"transparenz.karlsruhe.de|15d22922-bdf2-4d53-9802-81fecd5f402d";"transparenz.karlsruhe.de|17dcb3ef-111c-4e18-a7fb-b479b03d9134"
"transparenz.karlsruhe.de|15d22922-bdf2-4d53-9802-81fecd5f402d";"transparenz.karlsruhe.de|d14db02f-62c5-42ec-8c9b-26509a0547f7"
"transparenz.karlsruhe.de|1860af02-3e7e-4b20-a8bd-a494f467d342";"transparenz.karlsruhe.de|1717018d-1d6f-46ca-9f39-0a977783b259"
"transparenz.karlsruhe.de|1860af02-3e7e-4b20-a8bd-a494f467d342";"transparenz.karlsruhe.de|32326776-eea9-486c-bd75-16f0852b5780"
"transparenz.karlsruhe.de|1860af02-3e7e-4b20-a8bd-a494f467d342";"transparenz.karlsruhe.de|3b4ddc1d-514b-4471-aab2-56744918271b"
"transparenz.karlsruhe.de|1905e7df-c25b-4029-9cde-f123906d9d93";"transparenz.karlsruhe.de|123393cb-9695-4d6f-90e7-1985e5b0a8ee"
"transparenz.karlsruhe.de|1905e7df-c25b-4029-9cde-f123906d9d93";"transparenz.karlsruhe.de|22c06c4c-3b6a-4868-8f5d-fa50d7dc0fe3"
"transparenz.karlsruhe.de|1905e7df-c25b-4029-9cde-f123906d9d93";"transparenz.karlsruhe.de|23c0daad-5be5-432b-b31d-7d0ec29dee84"
"transparenz.karlsruhe.de|1905e7df-c25b-4029-9cde-f123906d9d93";"transparenz.karlsruhe.de|6a2e93c8-5f16-4094-be83-2f68da2bf8cd"
"transparenz.karlsruhe.de|1905e7df-c25b-4029-9cde-f123906d9d93";"transparenz.karlsruhe.de|8b093be4-2f06-4aad-b03d-3f224b10256f"
"transparenz.karlsruhe.de|1905e7df-c25b-4029-9cde-f123906d9d93";"transparenz.karlsruhe.de|944d9ab2-71cf-4eec-8d9d-e05569f1807d"
"transparenz.karlsruhe.de|1905e7df-c25b-4029-9cde-f123906d9d93";"transparenz.karlsruhe.de|9c1c91ef-6885-4f86-9451-774763c328ed"
"transparenz.karlsruhe.de|1905e7df-c25b-4029-9cde-f123906d9d93";"transparenz.karlsruhe.de|c212b1b4-c46e-4019-be97-7eff8f6d3089"
"transparenz.karlsruhe.de|1905e7df-c25b-4029-9cde-f123906d9d93";"transparenz.karlsruhe.de|dbb3be1f-e988-40c8-a3f1-431f29843f26"
"transparenz.karlsruhe.de|1905e7df-c25b-4029-9cde-f123906d9d93";"transparenz.karlsruhe.de|eb882337-03af-401b-9e43-79da263685b1"
"transparenz.karlsruhe.de|1905e7df-c25b-4029-9cde-f123906d9d93";"transparenz.karlsruhe.de|f7057753-4769-4dc1-957c-eafeedd1b534"
"transparenz.karlsruhe.de|24f44abd-b0b6-4326-9e60-2a9a51bbff6d";"transparenz.karlsruhe.de|5097e909-2380-4679-a572-4c25cb7dfb73"
"transparenz.karlsruhe.de|24f44abd-b0b6-4326-9e60-2a9a51bbff6d";"transparenz.karlsruhe.de|9cf87916-cfe0-453e-aa43-8e3ad4346f03"
"transparenz.karlsruhe.de|24f44abd-b0b6-4326-9e60-2a9a51bbff6d";"transparenz.karlsruhe.de|b09f0436-0881-40f9-ae2a-31feacd314c5"
"transparenz.karlsruhe.de|24f44abd-b0b6-4326-9e60-2a9a51bbff6d";"transparenz.karlsruhe.de|b95c5a3d-1812-4ff2-999f-6e9b0b75a076"
"transparenz.karlsruhe.de|24f44abd-b0b6-4326-9e60-2a9a51bbff6d";"transparenz.karlsruhe.de|e3cadb51-fb1f-456e-af17-38999b701f0c"
"transparenz.karlsruhe.de|264ca5f0-c0a4-490f-89f1-861415f92a2f";"transparenz.karlsruhe.de|051c2e99-61dc-44ba-8965-1f219b4f9766"
"transparenz.karlsruhe.de|264ca5f0-c0a4-490f-89f1-861415f92a2f";"transparenz.karlsruhe.de|1123b907-ad5e-438b-9ab0-6ef5a791b249"
"transparenz.karlsruhe.de|264ca5f0-c0a4-490f-89f1-861415f92a2f";"transparenz.karlsruhe.de|468e2261-acd7-4a54-98b8-6493a37b0ade"
"transparenz.karlsruhe.de|264ca5f0-c0a4-490f-89f1-861415f92a2f";"transparenz.karlsruhe.de|6960f56c-cfcc-4240-bcf4-f530e34cf9fe"
"transparenz.karlsruhe.de|264ca5f0-c0a4-490f-89f1-861415f92a2f";"transparenz.karlsruhe.de|bcd149aa-1f78-4616-80b1-5d4185d174d8"
"transparenz.karlsruhe.de|264ca5f0-c0a4-490f-89f1-861415f92a2f";"transparenz.karlsruhe.de|c1652ceb-cc84-43f1-b77b-bcd343a2e255"
"transparenz.karlsruhe.de|264ca5f0-c0a4-490f-89f1-861415f92a2f";"transparenz.karlsruhe.de|cddd3ed2-fb6b-423c-9ff9-16feada4158e"
"transparenz.karlsruhe.de|264ca5f0-c0a4-490f-89f1-861415f92a2f";"transparenz.karlsruhe.de|e397e0e0-0f7d-4e41-813d-ba48fee05b9e"
"transparenz.karlsruhe.de|264ca5f0-c0a4-490f-89f1-861415f92a2f";"transparenz.karlsruhe.de|ea1af68c-6657-422e-b739-b5c05e9eea3d"
"transparenz.karlsruhe.de|292066ff-78df-46b9-a35a-05d89e30156f";"transparenz.karlsruhe.de|34b01766-f2af-4e00-8f7b-de32bd5e09a0"
"transparenz.karlsruhe.de|292066ff-78df-46b9-a35a-05d89e30156f";"transparenz.karlsruhe.de|5ca3d1b9-f847-4f35-97c2-8b4bbd45ed97"
"transparenz.karlsruhe.de|292066ff-78df-46b9-a35a-05d89e30156f";"transparenz.karlsruhe.de|882eec70-c49f-4a27-99ae-4bf084b7865a"
"transparenz.karlsruhe.de|292066ff-78df-46b9-a35a-05d89e30156f";"transparenz.karlsruhe.de|e55c1475-993c-4b29-b8bc-06fccdc3a23e"
"transparenz.karlsruhe.de|2b0d6af3-9a5b-40ec-91ae-5203118415e2";"transparenz.karlsruhe.de|6ffbe6b0-421f-4d04-8624-12107f56d6e4"
"transparenz.karlsruhe.de|2b0d6af3-9a5b-40ec-91ae-5203118415e2";"transparenz.karlsruhe.de|b7e37144-59d5-4658-8119-e39bdae14c10"
"transparenz.karlsruhe.de|2c84fb4a-cd95-4108-b522-b887d050421e";"transparenz.karlsruhe.de|5e03d13a-0750-416e-8c79-50f23291c6bd"
"transparenz.karlsruhe.de|2c84fb4a-cd95-4108-b522-b887d050421e";"transparenz.karlsruhe.de|5e56286d-e4b8-4f22-bb0d-884b0196e1ed"
"transparenz.karlsruhe.de|2c84fb4a-cd95-4108-b522-b887d050421e";"transparenz.karlsruhe.de|c17aed40-c022-43f4-a0cc-147c20cc7650"
"transparenz.karlsruhe.de|2c84fb4a-cd95-4108-b522-b887d050421e";"transparenz.karlsruhe.de|c866f784-d10e-4e0d-a882-2b9f7964a5be"
"transparenz.karlsruhe.de|2c84fb4a-cd95-4108-b522-b887d050421e";"transparenz.karlsruhe.de|d6bd2a16-3e43-4955-8f2f-e6f6261185a3"
"transparenz.karlsruhe.de|2e3545b3-b44e-492d-a5c9-f3a84f98e935";"transparenz.karlsruhe.de|0442f1ed-f63a-4d11-9f57-528bde3b5903"
"transparenz.karlsruhe.de|2e3545b3-b44e-492d-a5c9-f3a84f98e935";"transparenz.karlsruhe.de|64fc2f31-eb73-4efe-9f14-0c349218de02"
"transparenz.karlsruhe.de|2e3545b3-b44e-492d-a5c9-f3a84f98e935";"transparenz.karlsruhe.de|91c72af4-045b-4ab8-bce0-5b566bd39f12"
"transparenz.karlsruhe.de|2e3545b3-b44e-492d-a5c9-f3a84f98e935";"transparenz.karlsruhe.de|c63a2a80-5cf1-43c1-af84-95ebca671137"
"transparenz.karlsruhe.de|2ec46924-5b41-4491-b190-45e119a7e828";"transparenz.karlsruhe.de|6ffbe6b0-421f-4d04-8624-12107f56d6e4"
"transparenz.karlsruhe.de|2ec46924-5b41-4491-b190-45e119a7e828";"transparenz.karlsruhe.de|b7e37144-59d5-4658-8119-e39bdae14c10"
"transparenz.karlsruhe.de|325a0e21-89f0-411d-ba1f-01e468dba320";"transparenz.karlsruhe.de|f8252cc8-d3fe-4e29-91dc-aaae876a7908"
"transparenz.karlsruhe.de|3363a926-67d0-49f0-a47e-373eff46e663";"transparenz.karlsruhe.de|04452d0f-ba0b-4aaa-864c-c49f9ba9f7f4"
"transparenz.karlsruhe.de|3363a926-67d0-49f0-a47e-373eff46e663";"transparenz.karlsruhe.de|4aa3dd6d-c84d-4813-8b81-e912142c41fe"
"transparenz.karlsruhe.de|3363a926-67d0-49f0-a47e-373eff46e663";"transparenz.karlsruhe.de|93882cf4-042e-4dc3-a21a-2a777f4d54fa"
"transparenz.karlsruhe.de|3376cafd-3e17-4c03-a8b9-852c55f62d66";"transparenz.karlsruhe.de|0e4f9d6f-2247-41ea-a284-f3fc94e40c52"
"transparenz.karlsruhe.de|3376cafd-3e17-4c03-a8b9-852c55f62d66";"transparenz.karlsruhe.de|a16b1b0d-1232-4cdc-84f8-14e5c66b733b"
"transparenz.karlsruhe.de|35356806-2307-4cc3-8425-aece63f2d915";"transparenz.karlsruhe.de|1123b907-ad5e-438b-9ab0-6ef5a791b249"
"transparenz.karlsruhe.de|35356806-2307-4cc3-8425-aece63f2d915";"transparenz.karlsruhe.de|49b848a0-be93-46d1-b299-7eb890256033"
"transparenz.karlsruhe.de|35356806-2307-4cc3-8425-aece63f2d915";"transparenz.karlsruhe.de|4b1d0570-5a33-444c-a6ff-d16672583b1f"
"transparenz.karlsruhe.de|35356806-2307-4cc3-8425-aece63f2d915";"transparenz.karlsruhe.de|9d8c7c2e-7ce2-4269-88b0-15f7be4c1054"
"transparenz.karlsruhe.de|35356806-2307-4cc3-8425-aece63f2d915";"transparenz.karlsruhe.de|a4a93979-4829-4e4a-952e-f2fb82ef7527"
"transparenz.karlsruhe.de|35356806-2307-4cc3-8425-aece63f2d915";"transparenz.karlsruhe.de|d6bf7f3f-f973-4b26-8b67-1f6d1fef31f3"
"transparenz.karlsruhe.de|35356806-2307-4cc3-8425-aece63f2d915";"transparenz.karlsruhe.de|ef4535ca-361e-4400-a06a-0a4c1324a3ea"
"transparenz.karlsruhe.de|3735f95c-f3c8-4966-bf7b-11f221ba3206";"transparenz.karlsruhe.de|f8252cc8-d3fe-4e29-91dc-aaae876a7908"
"transparenz.karlsruhe.de|389770de-7b1c-4736-9d96-8da132fc1d62";"transparenz.karlsruhe.de|6cdc075a-b944-4385-b3c5-9a5cae4e8c8a"
"transparenz.karlsruhe.de|389770de-7b1c-4736-9d96-8da132fc1d62";"transparenz.karlsruhe.de|b0a05248-88fa-4dfb-bcc7-a95e748bbb3a"
"transparenz.karlsruhe.de|38e4c42a-4810-4333-9151-7da6761a54a9";"transparenz.karlsruhe.de|41843776-d933-4a99-897a-861557af2c29"
"transparenz.karlsruhe.de|38e4c42a-4810-4333-9151-7da6761a54a9";"transparenz.karlsruhe.de|4478087e-4f8a-4df4-adc7-abd31b72fc74"
"transparenz.karlsruhe.de|38e4c42a-4810-4333-9151-7da6761a54a9";"transparenz.karlsruhe.de|ab4115a8-47b4-4e79-8402-413defff10af"
"transparenz.karlsruhe.de|393525de-32ce-415a-a81c-e874a1c392e0";"transparenz.karlsruhe.de|231f96f9-320e-4cbe-b23b-939caef186bc"
"transparenz.karlsruhe.de|393525de-32ce-415a-a81c-e874a1c392e0";"transparenz.karlsruhe.de|2c4f5726-b80c-4571-a477-91952d7083af"
"transparenz.karlsruhe.de|393525de-32ce-415a-a81c-e874a1c392e0";"transparenz.karlsruhe.de|480226cd-93e8-4a0a-a2ca-baee694a6246"
"transparenz.karlsruhe.de|393525de-32ce-415a-a81c-e874a1c392e0";"transparenz.karlsruhe.de|71c6a9e8-a5b7-4524-a9a0-ae7fc6a291e1"
"transparenz.karlsruhe.de|393525de-32ce-415a-a81c-e874a1c392e0";"transparenz.karlsruhe.de|9b62b29b-c46f-4712-b3b2-9e13f8a7f3cb"
"transparenz.karlsruhe.de|393525de-32ce-415a-a81c-e874a1c392e0";"transparenz.karlsruhe.de|b7ac86fe-41d8-4d8b-8172-8fa38bec4249"
"transparenz.karlsruhe.de|393525de-32ce-415a-a81c-e874a1c392e0";"transparenz.karlsruhe.de|c63a2a80-5cf1-43c1-af84-95ebca671137"
"transparenz.karlsruhe.de|393525de-32ce-415a-a81c-e874a1c392e0";"transparenz.karlsruhe.de|e989702d-b21f-4df4-ac8c-ea2cfcda0128"
"transparenz.karlsruhe.de|39b9b837-9365-4c53-b6d7-5e83b84612ea";"transparenz.karlsruhe.de|d14db02f-62c5-42ec-8c9b-26509a0547f7"
"transparenz.karlsruhe.de|3bd4278d-c9c3-43d6-b1e8-d48fde8ca883";"transparenz.karlsruhe.de|051c2e99-61dc-44ba-8965-1f219b4f9766"
"transparenz.karlsruhe.de|3bd4278d-c9c3-43d6-b1e8-d48fde8ca883";"transparenz.karlsruhe.de|1123b907-ad5e-438b-9ab0-6ef5a791b249"
"transparenz.karlsruhe.de|3bd4278d-c9c3-43d6-b1e8-d48fde8ca883";"transparenz.karlsruhe.de|11f0fad2-e685-4d4c-b7ae-8c891e279ac5"
"transparenz.karlsruhe.de|3bd4278d-c9c3-43d6-b1e8-d48fde8ca883";"transparenz.karlsruhe.de|468e2261-acd7-4a54-98b8-6493a37b0ade"
"transparenz.karlsruhe.de|3bd4278d-c9c3-43d6-b1e8-d48fde8ca883";"transparenz.karlsruhe.de|6960f56c-cfcc-4240-bcf4-f530e34cf9fe"
"transparenz.karlsruhe.de|3bd4278d-c9c3-43d6-b1e8-d48fde8ca883";"transparenz.karlsruhe.de|87da0545-fab6-4197-88c4-3406bb63b72e"
"transparenz.karlsruhe.de|3bd4278d-c9c3-43d6-b1e8-d48fde8ca883";"transparenz.karlsruhe.de|bcd149aa-1f78-4616-80b1-5d4185d174d8"
"transparenz.karlsruhe.de|3bd4278d-c9c3-43d6-b1e8-d48fde8ca883";"transparenz.karlsruhe.de|c1652ceb-cc84-43f1-b77b-bcd343a2e255"
"transparenz.karlsruhe.de|3bd4278d-c9c3-43d6-b1e8-d48fde8ca883";"transparenz.karlsruhe.de|c2195312-0428-4843-a716-2352efe29716"
"transparenz.karlsruhe.de|3bd4278d-c9c3-43d6-b1e8-d48fde8ca883";"transparenz.karlsruhe.de|cddd3ed2-fb6b-423c-9ff9-16feada4158e"
"transparenz.karlsruhe.de|3bd4278d-c9c3-43d6-b1e8-d48fde8ca883";"transparenz.karlsruhe.de|e397e0e0-0f7d-4e41-813d-ba48fee05b9e"
"transparenz.karlsruhe.de|3bd4278d-c9c3-43d6-b1e8-d48fde8ca883";"transparenz.karlsruhe.de|ea1af68c-6657-422e-b739-b5c05e9eea3d"
"transparenz.karlsruhe.de|3bd4278d-c9c3-43d6-b1e8-d48fde8ca883";"transparenz.karlsruhe.de|f26bcdf6-1e06-43ea-9664-78c29be3a9f7"
"transparenz.karlsruhe.de|3bd4278d-c9c3-43d6-b1e8-d48fde8ca883";"transparenz.karlsruhe.de|f82578f7-937c-4d32-8c41-e4da4bf021e9"
"transparenz.karlsruhe.de|3ce2c581-b9d8-4d58-b4e9-e656779d041c";"transparenz.karlsruhe.de|20d18a1c-70ad-4e12-991a-897c4a5b5b5d"
"transparenz.karlsruhe.de|3ce2c581-b9d8-4d58-b4e9-e656779d041c";"transparenz.karlsruhe.de|27e0ae1c-262f-4066-8d79-d384353284ad"
"transparenz.karlsruhe.de|3ce2c581-b9d8-4d58-b4e9-e656779d041c";"transparenz.karlsruhe.de|32326776-eea9-486c-bd75-16f0852b5780"
"transparenz.karlsruhe.de|3ce2c581-b9d8-4d58-b4e9-e656779d041c";"transparenz.karlsruhe.de|33612121-5b48-40c4-9689-e70f4a408e18"
"transparenz.karlsruhe.de|3ce2c581-b9d8-4d58-b4e9-e656779d041c";"transparenz.karlsruhe.de|337afcca-4e1c-4e83-aeb8-c19d957cf902"
"transparenz.karlsruhe.de|3ce2c581-b9d8-4d58-b4e9-e656779d041c";"transparenz.karlsruhe.de|3b68fc73-5b1e-4795-a8c0-20d1ab111d9f"
"transparenz.karlsruhe.de|3ce2c581-b9d8-4d58-b4e9-e656779d041c";"transparenz.karlsruhe.de|3d799d7a-0626-4018-a4a9-dcfccbc4634a"
"transparenz.karlsruhe.de|3ce2c581-b9d8-4d58-b4e9-e656779d041c";"transparenz.karlsruhe.de|44081e62-ad81-41d5-b030-ea6a01ef5653"
"transparenz.karlsruhe.de|3ce2c581-b9d8-4d58-b4e9-e656779d041c";"transparenz.karlsruhe.de|5a5a071f-06b2-46cf-a1ef-8afffafc6bf3"
"transparenz.karlsruhe.de|3ce2c581-b9d8-4d58-b4e9-e656779d041c";"transparenz.karlsruhe.de|653bfd36-ae1b-4f0f-add8-2096b20320ff"
"transparenz.karlsruhe.de|3ce2c581-b9d8-4d58-b4e9-e656779d041c";"transparenz.karlsruhe.de|705b239c-c9be-4b5e-96f7-e85dfe356774"
"transparenz.karlsruhe.de|3ce2c581-b9d8-4d58-b4e9-e656779d041c";"transparenz.karlsruhe.de|7d755388-1b80-44e1-900d-45dd6cde21f3"
"transparenz.karlsruhe.de|3ce2c581-b9d8-4d58-b4e9-e656779d041c";"transparenz.karlsruhe.de|98b8c5f3-7e8a-4cf0-b938-9f8802157be3"
"transparenz.karlsruhe.de|3ce2c581-b9d8-4d58-b4e9-e656779d041c";"transparenz.karlsruhe.de|a5d5f3be-0c49-41de-8883-e46ee79647c0"
"transparenz.karlsruhe.de|3ce2c581-b9d8-4d58-b4e9-e656779d041c";"transparenz.karlsruhe.de|ae4d65e9-5f42-46f4-9cf3-d5d8b57c85d4"
"transparenz.karlsruhe.de|3ce2c581-b9d8-4d58-b4e9-e656779d041c";"transparenz.karlsruhe.de|b1b9c73f-dd55-45bd-95c2-26c500ae4b82"
"transparenz.karlsruhe.de|3ce2c581-b9d8-4d58-b4e9-e656779d041c";"transparenz.karlsruhe.de|c6b33e7f-ee8d-4b9f-96d9-f85488fa17a2"
"transparenz.karlsruhe.de|3ce2c581-b9d8-4d58-b4e9-e656779d041c";"transparenz.karlsruhe.de|c99cdff8-3270-4030-b3d1-1242ef018050"
"transparenz.karlsruhe.de|3cf5a15f-2dc7-4c22-873d-94df1be72b5e";"transparenz.karlsruhe.de|1c54b6fb-fe76-46c4-9ff0-4a695ff851eb"
"transparenz.karlsruhe.de|3cf5a15f-2dc7-4c22-873d-94df1be72b5e";"transparenz.karlsruhe.de|6ca4923c-f4d0-4911-b5a6-be589c4df67d"
"transparenz.karlsruhe.de|3cf5a15f-2dc7-4c22-873d-94df1be72b5e";"transparenz.karlsruhe.de|8d5c7d40-be62-4c70-8672-892cfba5c513"
"transparenz.karlsruhe.de|3cf5a15f-2dc7-4c22-873d-94df1be72b5e";"transparenz.karlsruhe.de|8e3f419d-53c3-468a-9332-972ca5a0a628"
"transparenz.karlsruhe.de|3cf5a15f-2dc7-4c22-873d-94df1be72b5e";"transparenz.karlsruhe.de|aa7d3d2d-5851-4c4f-b481-b0a7cf307da9"
"transparenz.karlsruhe.de|3ec0b4b4-b183-4ad4-ad87-57b67069a70a";"transparenz.karlsruhe.de|f8252cc8-d3fe-4e29-91dc-aaae876a7908"
"transparenz.karlsruhe.de|40c202f0-ede3-4add-bdcf-4a85a26f8f59";"transparenz.karlsruhe.de|17dcb3ef-111c-4e18-a7fb-b479b03d9134"
"transparenz.karlsruhe.de|40c202f0-ede3-4add-bdcf-4a85a26f8f59";"transparenz.karlsruhe.de|d14db02f-62c5-42ec-8c9b-26509a0547f7"
"transparenz.karlsruhe.de|40c202f0-ede3-4add-bdcf-4a85a26f8f59";"transparenz.karlsruhe.de|e989702d-b21f-4df4-ac8c-ea2cfcda0128"
"transparenz.karlsruhe.de|40c8827d-b85d-42c4-8270-f498d13b3282";"transparenz.karlsruhe.de|04452d0f-ba0b-4aaa-864c-c49f9ba9f7f4"
"transparenz.karlsruhe.de|40c8827d-b85d-42c4-8270-f498d13b3282";"transparenz.karlsruhe.de|4408ba64-b551-42df-b9bf-7959bb3e7092"
"transparenz.karlsruhe.de|40c8827d-b85d-42c4-8270-f498d13b3282";"transparenz.karlsruhe.de|4aa3dd6d-c84d-4813-8b81-e912142c41fe"
"transparenz.karlsruhe.de|40c8827d-b85d-42c4-8270-f498d13b3282";"transparenz.karlsruhe.de|93882cf4-042e-4dc3-a21a-2a777f4d54fa"
"transparenz.karlsruhe.de|42049995-8339-4e5d-9535-ff214d4ca81b";"transparenz.karlsruhe.de|32326776-eea9-486c-bd75-16f0852b5780"
"transparenz.karlsruhe.de|42049995-8339-4e5d-9535-ff214d4ca81b";"transparenz.karlsruhe.de|34e95166-aa65-4303-a7bf-22ec53f95d31"
"transparenz.karlsruhe.de|42049995-8339-4e5d-9535-ff214d4ca81b";"transparenz.karlsruhe.de|358a50f4-8bd0-4754-a0de-9b54594acd0f"
"transparenz.karlsruhe.de|42049995-8339-4e5d-9535-ff214d4ca81b";"transparenz.karlsruhe.de|54f75497-7c88-459a-9481-e310e3177757"
"transparenz.karlsruhe.de|42049995-8339-4e5d-9535-ff214d4ca81b";"transparenz.karlsruhe.de|68c8bdc8-b8a8-4b72-bb4d-9e11198d9751"
"transparenz.karlsruhe.de|42049995-8339-4e5d-9535-ff214d4ca81b";"transparenz.karlsruhe.de|6ffbe6b0-421f-4d04-8624-12107f56d6e4"
"transparenz.karlsruhe.de|42049995-8339-4e5d-9535-ff214d4ca81b";"transparenz.karlsruhe.de|808738e7-1718-47f4-82c7-c69306bcc39c"
"transparenz.karlsruhe.de|42049995-8339-4e5d-9535-ff214d4ca81b";"transparenz.karlsruhe.de|9223c39d-ee3f-42ae-8f96-8975e0f386ab"
"transparenz.karlsruhe.de|42049995-8339-4e5d-9535-ff214d4ca81b";"transparenz.karlsruhe.de|c94dc71a-66b5-4189-9b51-ee3160edb83b"
"transparenz.karlsruhe.de|42049995-8339-4e5d-9535-ff214d4ca81b";"transparenz.karlsruhe.de|eb5cbe9d-8890-499c-90ae-7a1de394bbd9"
"transparenz.karlsruhe.de|42049995-8339-4e5d-9535-ff214d4ca81b";"transparenz.karlsruhe.de|eea4568e-d340-4380-a787-5de7b0db6fb3"
"transparenz.karlsruhe.de|42049995-8339-4e5d-9535-ff214d4ca81b";"transparenz.karlsruhe.de|f7ef065d-b016-4ca9-a901-be95a9a71b5b"
"transparenz.karlsruhe.de|437c7db7-e117-4bc6-b9d8-37978e863774";"transparenz.karlsruhe.de|f8252cc8-d3fe-4e29-91dc-aaae876a7908"
"transparenz.karlsruhe.de|4a3650d2-c805-4b3e-af4c-b8ce62bf5a8f";"transparenz.karlsruhe.de|089a6630-923a-4659-a541-bea85cf7915b"
"transparenz.karlsruhe.de|4a3650d2-c805-4b3e-af4c-b8ce62bf5a8f";"transparenz.karlsruhe.de|0c96b3e7-a5e3-431e-b543-06e6d52ee480"
"transparenz.karlsruhe.de|4a3650d2-c805-4b3e-af4c-b8ce62bf5a8f";"transparenz.karlsruhe.de|0ef9f034-50c0-42eb-aad0-7a75140040fe"
"transparenz.karlsruhe.de|4a3650d2-c805-4b3e-af4c-b8ce62bf5a8f";"transparenz.karlsruhe.de|380217bc-8dda-4eb6-adab-255f08a4c2c4"
"transparenz.karlsruhe.de|4a3650d2-c805-4b3e-af4c-b8ce62bf5a8f";"transparenz.karlsruhe.de|3bde898a-9e5e-4af7-96f6-25e7add01ea4"
"transparenz.karlsruhe.de|4a3650d2-c805-4b3e-af4c-b8ce62bf5a8f";"transparenz.karlsruhe.de|4688b15a-e84b-41e8-8f8a-f5c8b7efe2eb"
"transparenz.karlsruhe.de|4a3650d2-c805-4b3e-af4c-b8ce62bf5a8f";"transparenz.karlsruhe.de|5b9db044-6d74-4d5b-939b-1960a06ce02d"
"transparenz.karlsruhe.de|4a3650d2-c805-4b3e-af4c-b8ce62bf5a8f";"transparenz.karlsruhe.de|63f2fd0d-4432-42e8-b556-4106237cea13"
"transparenz.karlsruhe.de|4a3650d2-c805-4b3e-af4c-b8ce62bf5a8f";"transparenz.karlsruhe.de|678433d8-0c37-49cc-836f-52c734588ee5"
"transparenz.karlsruhe.de|4a3650d2-c805-4b3e-af4c-b8ce62bf5a8f";"transparenz.karlsruhe.de|69d41464-ca93-4904-9bbc-18c86479907f"
"transparenz.karlsruhe.de|4a3650d2-c805-4b3e-af4c-b8ce62bf5a8f";"transparenz.karlsruhe.de|7bda4948-7340-4aab-be56-20d206707aae"
"transparenz.karlsruhe.de|4a3650d2-c805-4b3e-af4c-b8ce62bf5a8f";"transparenz.karlsruhe.de|7c4367f8-26a1-43f4-b0ab-a93220862e46"
"transparenz.karlsruhe.de|4a3650d2-c805-4b3e-af4c-b8ce62bf5a8f";"transparenz.karlsruhe.de|85b06934-f1a1-4422-9948-7c595f2c5b7b"
"transparenz.karlsruhe.de|4a3650d2-c805-4b3e-af4c-b8ce62bf5a8f";"transparenz.karlsruhe.de|861c3df3-5d01-4761-bac5-710ac95ef2ac"
"transparenz.karlsruhe.de|4a3650d2-c805-4b3e-af4c-b8ce62bf5a8f";"transparenz.karlsruhe.de|8660c22a-eb09-4e15-8bd9-a677d07341e8"
"transparenz.karlsruhe.de|4a3650d2-c805-4b3e-af4c-b8ce62bf5a8f";"transparenz.karlsruhe.de|8b093be4-2f06-4aad-b03d-3f224b10256f"
"transparenz.karlsruhe.de|4a3650d2-c805-4b3e-af4c-b8ce62bf5a8f";"transparenz.karlsruhe.de|a2481a4d-5e92-4605-a68b-1808e723ee5e"
"transparenz.karlsruhe.de|4a3650d2-c805-4b3e-af4c-b8ce62bf5a8f";"transparenz.karlsruhe.de|a4214924-148f-44c1-ab96-9ff7367f9808"
"transparenz.karlsruhe.de|4a3650d2-c805-4b3e-af4c-b8ce62bf5a8f";"transparenz.karlsruhe.de|a943e0cf-44cd-45e3-964a-1906bda479d0"
"transparenz.karlsruhe.de|4a3650d2-c805-4b3e-af4c-b8ce62bf5a8f";"transparenz.karlsruhe.de|af19421b-2f1b-431f-8b71-bd560cf3ecf5"
"transparenz.karlsruhe.de|4a3650d2-c805-4b3e-af4c-b8ce62bf5a8f";"transparenz.karlsruhe.de|b0a05248-88fa-4dfb-bcc7-a95e748bbb3a"
"transparenz.karlsruhe.de|4a3650d2-c805-4b3e-af4c-b8ce62bf5a8f";"transparenz.karlsruhe.de|b7c86cac-ce2e-4315-95f0-a47865eb0f76"
"transparenz.karlsruhe.de|4a3650d2-c805-4b3e-af4c-b8ce62bf5a8f";"transparenz.karlsruhe.de|d270598b-16d8-464a-8e77-812339b9069d"
"transparenz.karlsruhe.de|4a3650d2-c805-4b3e-af4c-b8ce62bf5a8f";"transparenz.karlsruhe.de|e6819a2d-ecce-47a0-83da-7bf3560c74c0"
"transparenz.karlsruhe.de|4a3650d2-c805-4b3e-af4c-b8ce62bf5a8f";"transparenz.karlsruhe.de|eb882337-03af-401b-9e43-79da263685b1"
"transparenz.karlsruhe.de|4a3650d2-c805-4b3e-af4c-b8ce62bf5a8f";"transparenz.karlsruhe.de|ec0d22be-8eb0-48be-b250-73ce85fbd1a6"
"transparenz.karlsruhe.de|4a3650d2-c805-4b3e-af4c-b8ce62bf5a8f";"transparenz.karlsruhe.de|eea4568e-d340-4380-a787-5de7b0db6fb3"
"transparenz.karlsruhe.de|4a3650d2-c805-4b3e-af4c-b8ce62bf5a8f";"transparenz.karlsruhe.de|efe291d9-9087-47e5-9a7e-653a0255d239"
"transparenz.karlsruhe.de|4a3650d2-c805-4b3e-af4c-b8ce62bf5a8f";"transparenz.karlsruhe.de|f0a0b4d9-5fd1-40d4-b053-f3b8340cde39"
"transparenz.karlsruhe.de|4a3650d2-c805-4b3e-af4c-b8ce62bf5a8f";"transparenz.karlsruhe.de|f6691409-7d3d-4eeb-9ac3-d688a3e72302"
"transparenz.karlsruhe.de|4a3650d2-c805-4b3e-af4c-b8ce62bf5a8f";"transparenz.karlsruhe.de|f84467cf-324e-4a2c-a6aa-39fae6d1ed3d"
"transparenz.karlsruhe.de|4a3650d2-c805-4b3e-af4c-b8ce62bf5a8f";"transparenz.karlsruhe.de|f9df9e28-6bbb-48b6-a94e-49362eca7723"
"transparenz.karlsruhe.de|4a3650d2-c805-4b3e-af4c-b8ce62bf5a8f";"transparenz.karlsruhe.de|fc782ac7-8a80-4e32-86c4-599b3d1394e1"
"transparenz.karlsruhe.de|4bb805a0-165e-4449-8400-3b930d049865";"transparenz.karlsruhe.de|f8252cc8-d3fe-4e29-91dc-aaae876a7908"
"transparenz.karlsruhe.de|4d960874-8938-49b5-8504-29bbdd2f8a13";"transparenz.karlsruhe.de|0e4f9d6f-2247-41ea-a284-f3fc94e40c52"
"transparenz.karlsruhe.de|4d960874-8938-49b5-8504-29bbdd2f8a13";"transparenz.karlsruhe.de|511021aa-bb2c-4253-b8ef-b4b207bf673a"
"transparenz.karlsruhe.de|4d960874-8938-49b5-8504-29bbdd2f8a13";"transparenz.karlsruhe.de|5975e59e-9c7c-4f6a-8a26-50ae132ad817"
"transparenz.karlsruhe.de|4d960874-8938-49b5-8504-29bbdd2f8a13";"transparenz.karlsruhe.de|61182d4d-5c71-41a8-9aab-164246f73a23"
"transparenz.karlsruhe.de|4d960874-8938-49b5-8504-29bbdd2f8a13";"transparenz.karlsruhe.de|801ae692-e775-4c9c-9481-b1d8f4b56475"
"transparenz.karlsruhe.de|4d960874-8938-49b5-8504-29bbdd2f8a13";"transparenz.karlsruhe.de|825374ef-199c-494b-bbd6-7ffd97b81dd6"
"transparenz.karlsruhe.de|4d960874-8938-49b5-8504-29bbdd2f8a13";"transparenz.karlsruhe.de|909a168f-1f5d-42b6-a1ee-8462550b1926"
"transparenz.karlsruhe.de|4d960874-8938-49b5-8504-29bbdd2f8a13";"transparenz.karlsruhe.de|eb2d5640-8408-404f-aac0-e4f84a0d51ca"
"transparenz.karlsruhe.de|4d960874-8938-49b5-8504-29bbdd2f8a13";"transparenz.karlsruhe.de|f9dc0a29-adc9-4a6d-bdf0-3dfad1ae9e42"
"transparenz.karlsruhe.de|538bacb6-0a45-456d-9a6b-17f37843adea";"transparenz.karlsruhe.de|1ed8dded-0d9d-48e6-be0c-521866a9ee07"
"transparenz.karlsruhe.de|538bacb6-0a45-456d-9a6b-17f37843adea";"transparenz.karlsruhe.de|4e931c1a-baef-4bf1-8cca-daeec6e75ab4"
"transparenz.karlsruhe.de|538bacb6-0a45-456d-9a6b-17f37843adea";"transparenz.karlsruhe.de|7d005e3a-cf5f-4ad8-b5dd-5f87c83a7547"
"transparenz.karlsruhe.de|538bacb6-0a45-456d-9a6b-17f37843adea";"transparenz.karlsruhe.de|dc0cdb62-8b69-43a7-b6b8-177db1a80860"
"transparenz.karlsruhe.de|538bacb6-0a45-456d-9a6b-17f37843adea";"transparenz.karlsruhe.de|ea47034c-0865-419b-a5e3-3725788e244d"
"transparenz.karlsruhe.de|569169b8-8956-4f9e-b34a-02da4ffa3c53";"transparenz.karlsruhe.de|50b59936-a16c-4465-982a-5a8e28ffb890"
"transparenz.karlsruhe.de|569169b8-8956-4f9e-b34a-02da4ffa3c53";"transparenz.karlsruhe.de|755e72ce-1dde-4eec-bae2-f32449b297cb"
"transparenz.karlsruhe.de|569169b8-8956-4f9e-b34a-02da4ffa3c53";"transparenz.karlsruhe.de|8515c5f5-a545-4ed1-bb20-eb59532a62f6"
"transparenz.karlsruhe.de|569169b8-8956-4f9e-b34a-02da4ffa3c53";"transparenz.karlsruhe.de|94c276a0-73b3-4121-85c9-8c6c3fd71cf2"
"transparenz.karlsruhe.de|569169b8-8956-4f9e-b34a-02da4ffa3c53";"transparenz.karlsruhe.de|aa318085-ac6a-4efb-bffa-cda655345a77"
"transparenz.karlsruhe.de|569169b8-8956-4f9e-b34a-02da4ffa3c53";"transparenz.karlsruhe.de|add1b46c-f7dc-45e5-8ff2-1fad873d1551"
"transparenz.karlsruhe.de|569169b8-8956-4f9e-b34a-02da4ffa3c53";"transparenz.karlsruhe.de|d43e0b3a-4b7e-4828-9e9f-e34b089b95a7"
"transparenz.karlsruhe.de|56c1e41a-0a47-45db-9ac4-88211849ede9";"transparenz.karlsruhe.de|6ffbe6b0-421f-4d04-8624-12107f56d6e4"
"transparenz.karlsruhe.de|56c1e41a-0a47-45db-9ac4-88211849ede9";"transparenz.karlsruhe.de|b7e37144-59d5-4658-8119-e39bdae14c10"
"transparenz.karlsruhe.de|570066cf-e92c-443e-9dcb-b40c1e57b994";"transparenz.karlsruhe.de|f8252cc8-d3fe-4e29-91dc-aaae876a7908"
"transparenz.karlsruhe.de|58329e65-c5ad-42cd-a03b-623d32b4fe18";"transparenz.karlsruhe.de|17dcb3ef-111c-4e18-a7fb-b479b03d9134"
"transparenz.karlsruhe.de|58329e65-c5ad-42cd-a03b-623d32b4fe18";"transparenz.karlsruhe.de|d14db02f-62c5-42ec-8c9b-26509a0547f7"
"transparenz.karlsruhe.de|58329e65-c5ad-42cd-a03b-623d32b4fe18";"transparenz.karlsruhe.de|e989702d-b21f-4df4-ac8c-ea2cfcda0128"
"transparenz.karlsruhe.de|59d620bb-e0e9-49cf-bd9f-3bf5ea0024da";"transparenz.karlsruhe.de|d14db02f-62c5-42ec-8c9b-26509a0547f7"
"transparenz.karlsruhe.de|59d620bb-e0e9-49cf-bd9f-3bf5ea0024da";"transparenz.karlsruhe.de|e989702d-b21f-4df4-ac8c-ea2cfcda0128"
"transparenz.karlsruhe.de|5e1001f4-2cef-4a37-b6c8-16896fa74678";"transparenz.karlsruhe.de|2b0118ea-6802-49c2-a7af-03bdc04e193e"
"transparenz.karlsruhe.de|5e1001f4-2cef-4a37-b6c8-16896fa74678";"transparenz.karlsruhe.de|c912a422-ea68-4d7e-93a3-1ae305d22a01"
"transparenz.karlsruhe.de|5ee4244d-943f-4b26-9c86-c11e843e8351";"transparenz.karlsruhe.de|2837550b-efab-4b2e-8ec9-878ced75358f"
"transparenz.karlsruhe.de|5ee4244d-943f-4b26-9c86-c11e843e8351";"transparenz.karlsruhe.de|2c1e19d7-1105-412c-8615-26d1af04c42e"
"transparenz.karlsruhe.de|5ee4244d-943f-4b26-9c86-c11e843e8351";"transparenz.karlsruhe.de|32326776-eea9-486c-bd75-16f0852b5780"
"transparenz.karlsruhe.de|60975cb7-5cef-4d40-b4d7-739205a6bc64";"transparenz.karlsruhe.de|53579e42-1603-4850-923c-8e7031335d54"
"transparenz.karlsruhe.de|60975cb7-5cef-4d40-b4d7-739205a6bc64";"transparenz.karlsruhe.de|6cafdef5-a6a5-46bd-aa74-127cce64891e"
"transparenz.karlsruhe.de|60975cb7-5cef-4d40-b4d7-739205a6bc64";"transparenz.karlsruhe.de|8f4ae5a9-1e06-4cca-bef5-532ad9d97114"
"transparenz.karlsruhe.de|60975cb7-5cef-4d40-b4d7-739205a6bc64";"transparenz.karlsruhe.de|93af085e-6b43-46d5-974a-40031bf5c8e7"
"transparenz.karlsruhe.de|60975cb7-5cef-4d40-b4d7-739205a6bc64";"transparenz.karlsruhe.de|c2715703-d029-478f-a67d-c76313357eb5"
"transparenz.karlsruhe.de|617a3f50-0b2d-42f2-95e9-475abe0f6553";"transparenz.karlsruhe.de|f8252cc8-d3fe-4e29-91dc-aaae876a7908"
"transparenz.karlsruhe.de|61eaf3b7-5e8c-4742-be4b-4068cd9e901c";"transparenz.karlsruhe.de|22c06c4c-3b6a-4868-8f5d-fa50d7dc0fe3"
"transparenz.karlsruhe.de|61eaf3b7-5e8c-4742-be4b-4068cd9e901c";"transparenz.karlsruhe.de|b0a05248-88fa-4dfb-bcc7-a95e748bbb3a"
"transparenz.karlsruhe.de|61eaf3b7-5e8c-4742-be4b-4068cd9e901c";"transparenz.karlsruhe.de|b19f5a04-f85a-43c1-9a94-31c865d0f94a"
"transparenz.karlsruhe.de|65571194-1b1a-4ce1-b169-15942647208c";"transparenz.karlsruhe.de|f4d072cb-174b-4369-9234-5ce276f180fd"
"transparenz.karlsruhe.de|65571194-1b1a-4ce1-b169-15942647208c";"transparenz.karlsruhe.de|f8252cc8-d3fe-4e29-91dc-aaae876a7908"
"transparenz.karlsruhe.de|668cbbca-e599-43df-9394-ffb5b3ad1938";"transparenz.karlsruhe.de|11f0fad2-e685-4d4c-b7ae-8c891e279ac5"
"transparenz.karlsruhe.de|668cbbca-e599-43df-9394-ffb5b3ad1938";"transparenz.karlsruhe.de|635c4502-cffe-4ccd-b5c4-c04e2018103d"
"transparenz.karlsruhe.de|668cbbca-e599-43df-9394-ffb5b3ad1938";"transparenz.karlsruhe.de|79827ff5-8c6a-4f5b-b940-7c9a2398c2b3"
"transparenz.karlsruhe.de|668cbbca-e599-43df-9394-ffb5b3ad1938";"transparenz.karlsruhe.de|87da0545-fab6-4197-88c4-3406bb63b72e"
"transparenz.karlsruhe.de|668cbbca-e599-43df-9394-ffb5b3ad1938";"transparenz.karlsruhe.de|bcd149aa-1f78-4616-80b1-5d4185d174d8"
"transparenz.karlsruhe.de|679481e2-993c-4002-91f8-a07e1fcd66ba";"transparenz.karlsruhe.de|4bd564a8-6b3b-436b-b5b9-af87731dcd59"
"transparenz.karlsruhe.de|679481e2-993c-4002-91f8-a07e1fcd66ba";"transparenz.karlsruhe.de|6fa04d64-5c74-4f7a-8507-d5f50b84b5c8"
"transparenz.karlsruhe.de|679481e2-993c-4002-91f8-a07e1fcd66ba";"transparenz.karlsruhe.de|cb256291-e5e6-4783-9042-1699d1601bf4"
"transparenz.karlsruhe.de|679481e2-993c-4002-91f8-a07e1fcd66ba";"transparenz.karlsruhe.de|dfffa9e7-f7ee-4070-8285-e391b53c3719"
"transparenz.karlsruhe.de|6b384654-234d-48c7-9554-9b32c74043bf";"transparenz.karlsruhe.de|f8252cc8-d3fe-4e29-91dc-aaae876a7908"
"transparenz.karlsruhe.de|6d064d0e-0785-4e3c-a248-7e1c9c7cadca";"transparenz.karlsruhe.de|4cc57ec6-1622-4f7b-b747-9c56bbf0281a"
"transparenz.karlsruhe.de|6d064d0e-0785-4e3c-a248-7e1c9c7cadca";"transparenz.karlsruhe.de|98993c7c-290a-476b-b851-4d222970798e"
"transparenz.karlsruhe.de|6dd7e7ae-85d1-4739-9ce8-3203ebf05277";"transparenz.karlsruhe.de|f8252cc8-d3fe-4e29-91dc-aaae876a7908"
"transparenz.karlsruhe.de|6dfd8a0c-019f-401c-82b6-4f808e31f7f9";"transparenz.karlsruhe.de|1717018d-1d6f-46ca-9f39-0a977783b259"
"transparenz.karlsruhe.de|6dfd8a0c-019f-401c-82b6-4f808e31f7f9";"transparenz.karlsruhe.de|32326776-eea9-486c-bd75-16f0852b5780"
"transparenz.karlsruhe.de|6dfd8a0c-019f-401c-82b6-4f808e31f7f9";"transparenz.karlsruhe.de|3b4ddc1d-514b-4471-aab2-56744918271b"
"transparenz.karlsruhe.de|72006943-2ebe-4b2c-aca2-7a4c3020d1e8";"transparenz.karlsruhe.de|39f6eb16-e6e0-4930-9052-88fafef1e111"
"transparenz.karlsruhe.de|72006943-2ebe-4b2c-aca2-7a4c3020d1e8";"transparenz.karlsruhe.de|42b2af15-e4d7-4787-9931-627d5b8decd0"
"transparenz.karlsruhe.de|72006943-2ebe-4b2c-aca2-7a4c3020d1e8";"transparenz.karlsruhe.de|4d8c7272-4351-4f69-9e44-2a25339d6784"
"transparenz.karlsruhe.de|72006943-2ebe-4b2c-aca2-7a4c3020d1e8";"transparenz.karlsruhe.de|512afcaf-ab87-457b-b584-ad2becc6dd92"
"transparenz.karlsruhe.de|72006943-2ebe-4b2c-aca2-7a4c3020d1e8";"transparenz.karlsruhe.de|922a56b3-c94f-471b-abe0-22a8327d02a0"
"transparenz.karlsruhe.de|72006943-2ebe-4b2c-aca2-7a4c3020d1e8";"transparenz.karlsruhe.de|f7057753-4769-4dc1-957c-eafeedd1b534"
"transparenz.karlsruhe.de|72006943-2ebe-4b2c-aca2-7a4c3020d1e8";"transparenz.karlsruhe.de|fe948148-e23f-4e36-88d1-d3d8b56b787a"
"transparenz.karlsruhe.de|7306d25b-8b18-445f-9351-6eec030c7753";"transparenz.karlsruhe.de|10e17b51-b262-4acc-8212-0700c8bace20"
"transparenz.karlsruhe.de|7306d25b-8b18-445f-9351-6eec030c7753";"transparenz.karlsruhe.de|118d8c12-d65d-4532-a5c1-29ceb9b5facc"
"transparenz.karlsruhe.de|7306d25b-8b18-445f-9351-6eec030c7753";"transparenz.karlsruhe.de|46bb7c69-289d-42ea-8b62-256edccbb079"
"transparenz.karlsruhe.de|7306d25b-8b18-445f-9351-6eec030c7753";"transparenz.karlsruhe.de|64fc2f31-eb73-4efe-9f14-0c349218de02"
"transparenz.karlsruhe.de|7306d25b-8b18-445f-9351-6eec030c7753";"transparenz.karlsruhe.de|d939dd9c-c06a-4c82-a569-017c1fc5698a"
"transparenz.karlsruhe.de|74561f6a-4783-4d70-b86a-008deec09441";"transparenz.karlsruhe.de|0e7d416c-6f8a-4836-9bef-3c6a6bdcc39a"
"transparenz.karlsruhe.de|74561f6a-4783-4d70-b86a-008deec09441";"transparenz.karlsruhe.de|1075d1c5-e7f1-4840-8bb6-cf995e73de04"
"transparenz.karlsruhe.de|74561f6a-4783-4d70-b86a-008deec09441";"transparenz.karlsruhe.de|1a0e7a74-291f-4266-8479-9a03a1bd02aa"
"transparenz.karlsruhe.de|74561f6a-4783-4d70-b86a-008deec09441";"transparenz.karlsruhe.de|1f04b3d3-0923-4264-9490-e2dabc1d6fb6"
"transparenz.karlsruhe.de|74561f6a-4783-4d70-b86a-008deec09441";"transparenz.karlsruhe.de|29e80773-7015-4a48-8e17-0b5a1abb9540"
"transparenz.karlsruhe.de|74561f6a-4783-4d70-b86a-008deec09441";"transparenz.karlsruhe.de|32326776-eea9-486c-bd75-16f0852b5780"
"transparenz.karlsruhe.de|74561f6a-4783-4d70-b86a-008deec09441";"transparenz.karlsruhe.de|42402970-b2fa-422a-89fa-a8a3dcf21dc6"
"transparenz.karlsruhe.de|74561f6a-4783-4d70-b86a-008deec09441";"transparenz.karlsruhe.de|6dc43c5d-ed4a-432a-97e9-02b797fdf391"
"transparenz.karlsruhe.de|74561f6a-4783-4d70-b86a-008deec09441";"transparenz.karlsruhe.de|899d5635-4261-434a-bf36-6b92d963091d"
"transparenz.karlsruhe.de|74561f6a-4783-4d70-b86a-008deec09441";"transparenz.karlsruhe.de|96baeff6-7ad8-478e-a7fc-7a9ee6144f88"
"transparenz.karlsruhe.de|74561f6a-4783-4d70-b86a-008deec09441";"transparenz.karlsruhe.de|bacb85f3-36a6-43e2-8005-4abbdcfc5968"
"transparenz.karlsruhe.de|74561f6a-4783-4d70-b86a-008deec09441";"transparenz.karlsruhe.de|bc0f4d0f-1268-4a37-bea2-dec81e447a2b"
"transparenz.karlsruhe.de|74561f6a-4783-4d70-b86a-008deec09441";"transparenz.karlsruhe.de|d6eb97ca-58d8-4cd6-a270-f0122e6959fd"
"transparenz.karlsruhe.de|74bf19a3-bf3a-43bf-947d-28b8fb5c80e5";"transparenz.karlsruhe.de|32326776-eea9-486c-bd75-16f0852b5780"
"transparenz.karlsruhe.de|74bf19a3-bf3a-43bf-947d-28b8fb5c80e5";"transparenz.karlsruhe.de|6b34a9e4-1270-45ce-a0d1-b6231e21d337"
"transparenz.karlsruhe.de|74bf19a3-bf3a-43bf-947d-28b8fb5c80e5";"transparenz.karlsruhe.de|8120e0e0-1b5e-4f03-a10e-ce1641b70ccc"
"transparenz.karlsruhe.de|74bf19a3-bf3a-43bf-947d-28b8fb5c80e5";"transparenz.karlsruhe.de|86d8d53c-33d9-465d-b003-566ddbfa720e"
"transparenz.karlsruhe.de|74bf19a3-bf3a-43bf-947d-28b8fb5c80e5";"transparenz.karlsruhe.de|98ed551c-b49a-4313-8032-2136e00d7697"
"transparenz.karlsruhe.de|74bf19a3-bf3a-43bf-947d-28b8fb5c80e5";"transparenz.karlsruhe.de|a9465706-40cd-494c-bf3d-dd7426ab8ba6"
"transparenz.karlsruhe.de|74bf19a3-bf3a-43bf-947d-28b8fb5c80e5";"transparenz.karlsruhe.de|b8b444e4-e1e4-4066-ba8c-8b4190868186"
"transparenz.karlsruhe.de|74bf19a3-bf3a-43bf-947d-28b8fb5c80e5";"transparenz.karlsruhe.de|e47115c8-490e-4c16-a59b-9b5ad27b1a95"
"transparenz.karlsruhe.de|79822c72-a2ce-4c20-9033-b5bc8940e0b9";"transparenz.karlsruhe.de|135b0381-b529-4af2-9856-efc73d42555f"
"transparenz.karlsruhe.de|79822c72-a2ce-4c20-9033-b5bc8940e0b9";"transparenz.karlsruhe.de|7bea551f-b0c6-4a69-a9ac-8d4c1f3ba8f1"
"transparenz.karlsruhe.de|79822c72-a2ce-4c20-9033-b5bc8940e0b9";"transparenz.karlsruhe.de|99da30b5-860a-40ee-99ed-13693587fecf"
"transparenz.karlsruhe.de|79822c72-a2ce-4c20-9033-b5bc8940e0b9";"transparenz.karlsruhe.de|a53b425e-e211-4623-b61e-1b8efd9a2a34"
"transparenz.karlsruhe.de|79822c72-a2ce-4c20-9033-b5bc8940e0b9";"transparenz.karlsruhe.de|b53f26f4-70ab-4228-89e4-9971130e3fa5"
"transparenz.karlsruhe.de|79822c72-a2ce-4c20-9033-b5bc8940e0b9";"transparenz.karlsruhe.de|d0f1e46d-7e9e-498d-8584-b53b9762fd08"
"transparenz.karlsruhe.de|79822c72-a2ce-4c20-9033-b5bc8940e0b9";"transparenz.karlsruhe.de|d14db02f-62c5-42ec-8c9b-26509a0547f7"
"transparenz.karlsruhe.de|79822c72-a2ce-4c20-9033-b5bc8940e0b9";"transparenz.karlsruhe.de|e989702d-b21f-4df4-ac8c-ea2cfcda0128"
"transparenz.karlsruhe.de|7cc0880d-97c0-493f-a5d9-9bda7e927e2d";"transparenz.karlsruhe.de|17dcb3ef-111c-4e18-a7fb-b479b03d9134"
"transparenz.karlsruhe.de|7cc0880d-97c0-493f-a5d9-9bda7e927e2d";"transparenz.karlsruhe.de|d14db02f-62c5-42ec-8c9b-26509a0547f7"
"transparenz.karlsruhe.de|7cc0880d-97c0-493f-a5d9-9bda7e927e2d";"transparenz.karlsruhe.de|e989702d-b21f-4df4-ac8c-ea2cfcda0128"
"transparenz.karlsruhe.de|7e03788c-74d9-4b7a-a5ac-5e27bb8e9bba";"transparenz.karlsruhe.de|d14db02f-62c5-42ec-8c9b-26509a0547f7"
"transparenz.karlsruhe.de|7fdf4468-b316-4d47-a7db-0c07bf7b5e0d";"transparenz.karlsruhe.de|5459c649-5c33-41a0-8ea9-f1609fbe394a"
"transparenz.karlsruhe.de|7fdf4468-b316-4d47-a7db-0c07bf7b5e0d";"transparenz.karlsruhe.de|d14db02f-62c5-42ec-8c9b-26509a0547f7"
"transparenz.karlsruhe.de|7fdf4468-b316-4d47-a7db-0c07bf7b5e0d";"transparenz.karlsruhe.de|e989702d-b21f-4df4-ac8c-ea2cfcda0128"
"transparenz.karlsruhe.de|8094d20e-3187-4009-8c60-b5b60b938822";"transparenz.karlsruhe.de|152f4801-5962-49b1-ad3e-fed5fe60d2c3"
"transparenz.karlsruhe.de|8094d20e-3187-4009-8c60-b5b60b938822";"transparenz.karlsruhe.de|320f43a3-46ea-4969-86d9-2eea78d193c2"
"transparenz.karlsruhe.de|8094d20e-3187-4009-8c60-b5b60b938822";"transparenz.karlsruhe.de|3b0abff6-eb58-4175-8dbd-605d5e28eaf4"
"transparenz.karlsruhe.de|8094d20e-3187-4009-8c60-b5b60b938822";"transparenz.karlsruhe.de|5543f69e-a59f-4f14-9b4b-f0384f90109d"
"transparenz.karlsruhe.de|8094d20e-3187-4009-8c60-b5b60b938822";"transparenz.karlsruhe.de|a366d49c-3acb-4078-8fe8-720539338844"
"transparenz.karlsruhe.de|8094d20e-3187-4009-8c60-b5b60b938822";"transparenz.karlsruhe.de|c049ee3b-8c5a-4dda-abf9-a18498c6d9cf"
"transparenz.karlsruhe.de|8094d20e-3187-4009-8c60-b5b60b938822";"transparenz.karlsruhe.de|e55c1475-993c-4b29-b8bc-06fccdc3a23e"
"transparenz.karlsruhe.de|8094d20e-3187-4009-8c60-b5b60b938822";"transparenz.karlsruhe.de|eb4999b4-a9e3-4684-aa0d-ddef306a5de4"
"transparenz.karlsruhe.de|8094d20e-3187-4009-8c60-b5b60b938822";"transparenz.karlsruhe.de|fa0124ab-b662-421a-803f-9e06dbdf8f75"
"transparenz.karlsruhe.de|80c00350-bbe4-47ab-8862-cbf15f48619a";"transparenz.karlsruhe.de|46bb7c69-289d-42ea-8b62-256edccbb079"
"transparenz.karlsruhe.de|80c00350-bbe4-47ab-8862-cbf15f48619a";"transparenz.karlsruhe.de|76258ff5-8f00-499e-aaac-36f773d434bd"
"transparenz.karlsruhe.de|80c00350-bbe4-47ab-8862-cbf15f48619a";"transparenz.karlsruhe.de|7b4911ea-c3cf-440d-b869-6707b61107ef"
"transparenz.karlsruhe.de|80c00350-bbe4-47ab-8862-cbf15f48619a";"transparenz.karlsruhe.de|d939dd9c-c06a-4c82-a569-017c1fc5698a"
"transparenz.karlsruhe.de|83a61160-d668-4d7e-adf2-f366c7df17f4";"transparenz.karlsruhe.de|d6fdc0b3-e24f-4f9c-9d0c-f7ed09de1f29"
"transparenz.karlsruhe.de|85bdf4a2-0ef1-49b8-9421-e9538c3dadc2";"transparenz.karlsruhe.de|21cf7c42-c04b-4ca8-9728-e1203cdf13ee"
"transparenz.karlsruhe.de|85bdf4a2-0ef1-49b8-9421-e9538c3dadc2";"transparenz.karlsruhe.de|7503c971-d97a-4d3c-9d33-50226b5e79b6"
"transparenz.karlsruhe.de|85bdf4a2-0ef1-49b8-9421-e9538c3dadc2";"transparenz.karlsruhe.de|ce0a329b-2b21-4092-8660-b007157f6942"
"transparenz.karlsruhe.de|85bdf4a2-0ef1-49b8-9421-e9538c3dadc2";"transparenz.karlsruhe.de|e3287a6e-741b-42f5-bcc7-2bc27558b1be"
"transparenz.karlsruhe.de|85bdf4a2-0ef1-49b8-9421-e9538c3dadc2";"transparenz.karlsruhe.de|e989702d-b21f-4df4-ac8c-ea2cfcda0128"
"transparenz.karlsruhe.de|87143811-2668-404a-a2c0-c366d0194747";"transparenz.karlsruhe.de|17dcb3ef-111c-4e18-a7fb-b479b03d9134"
"transparenz.karlsruhe.de|87143811-2668-404a-a2c0-c366d0194747";"transparenz.karlsruhe.de|e989702d-b21f-4df4-ac8c-ea2cfcda0128"
"transparenz.karlsruhe.de|890dc375-684f-4693-99fd-134b594bc83f";"transparenz.karlsruhe.de|1da6a62c-f155-4d3b-b0d0-015ecdf20240"
"transparenz.karlsruhe.de|890dc375-684f-4693-99fd-134b594bc83f";"transparenz.karlsruhe.de|20d18a1c-70ad-4e12-991a-897c4a5b5b5d"
"transparenz.karlsruhe.de|890dc375-684f-4693-99fd-134b594bc83f";"transparenz.karlsruhe.de|27e0ae1c-262f-4066-8d79-d384353284ad"
"transparenz.karlsruhe.de|890dc375-684f-4693-99fd-134b594bc83f";"transparenz.karlsruhe.de|32326776-eea9-486c-bd75-16f0852b5780"
"transparenz.karlsruhe.de|890dc375-684f-4693-99fd-134b594bc83f";"transparenz.karlsruhe.de|33612121-5b48-40c4-9689-e70f4a408e18"
"transparenz.karlsruhe.de|890dc375-684f-4693-99fd-134b594bc83f";"transparenz.karlsruhe.de|337afcca-4e1c-4e83-aeb8-c19d957cf902"
"transparenz.karlsruhe.de|890dc375-684f-4693-99fd-134b594bc83f";"transparenz.karlsruhe.de|3b68fc73-5b1e-4795-a8c0-20d1ab111d9f"
"transparenz.karlsruhe.de|890dc375-684f-4693-99fd-134b594bc83f";"transparenz.karlsruhe.de|3d799d7a-0626-4018-a4a9-dcfccbc4634a"
"transparenz.karlsruhe.de|890dc375-684f-4693-99fd-134b594bc83f";"transparenz.karlsruhe.de|3dadae7a-1cf5-49c0-8598-681592d8b22c"
"transparenz.karlsruhe.de|890dc375-684f-4693-99fd-134b594bc83f";"transparenz.karlsruhe.de|5a5a071f-06b2-46cf-a1ef-8afffafc6bf3"
"transparenz.karlsruhe.de|890dc375-684f-4693-99fd-134b594bc83f";"transparenz.karlsruhe.de|653bfd36-ae1b-4f0f-add8-2096b20320ff"
"transparenz.karlsruhe.de|890dc375-684f-4693-99fd-134b594bc83f";"transparenz.karlsruhe.de|7d755388-1b80-44e1-900d-45dd6cde21f3"
"transparenz.karlsruhe.de|890dc375-684f-4693-99fd-134b594bc83f";"transparenz.karlsruhe.de|98b8c5f3-7e8a-4cf0-b938-9f8802157be3"
"transparenz.karlsruhe.de|890dc375-684f-4693-99fd-134b594bc83f";"transparenz.karlsruhe.de|a5d5f3be-0c49-41de-8883-e46ee79647c0"
"transparenz.karlsruhe.de|890dc375-684f-4693-99fd-134b594bc83f";"transparenz.karlsruhe.de|ae4d65e9-5f42-46f4-9cf3-d5d8b57c85d4"
"transparenz.karlsruhe.de|890dc375-684f-4693-99fd-134b594bc83f";"transparenz.karlsruhe.de|b1b9c73f-dd55-45bd-95c2-26c500ae4b82"
"transparenz.karlsruhe.de|890dc375-684f-4693-99fd-134b594bc83f";"transparenz.karlsruhe.de|bb95e94a-2430-4696-940f-377fb7dd03bd"
"transparenz.karlsruhe.de|890dc375-684f-4693-99fd-134b594bc83f";"transparenz.karlsruhe.de|bc079a70-2998-4b2e-b72e-df6f77bc0301"
"transparenz.karlsruhe.de|890dc375-684f-4693-99fd-134b594bc83f";"transparenz.karlsruhe.de|c6b33e7f-ee8d-4b9f-96d9-f85488fa17a2"
"transparenz.karlsruhe.de|890dc375-684f-4693-99fd-134b594bc83f";"transparenz.karlsruhe.de|c99cdff8-3270-4030-b3d1-1242ef018050"
"transparenz.karlsruhe.de|890dc375-684f-4693-99fd-134b594bc83f";"transparenz.karlsruhe.de|edf6dc6d-9b46-4b98-876e-f3dc43e03b0d"
"transparenz.karlsruhe.de|890dc375-684f-4693-99fd-134b594bc83f";"transparenz.karlsruhe.de|eea0453d-5dcb-4cca-9236-b5b2deef17fa"
"transparenz.karlsruhe.de|891591f0-5b38-43b8-8bcd-4102bb6cb000";"transparenz.karlsruhe.de|1a89ca75-8e63-4191-a349-366fabd8a302"
"transparenz.karlsruhe.de|891591f0-5b38-43b8-8bcd-4102bb6cb000";"transparenz.karlsruhe.de|5459c649-5c33-41a0-8ea9-f1609fbe394a"
"transparenz.karlsruhe.de|891591f0-5b38-43b8-8bcd-4102bb6cb000";"transparenz.karlsruhe.de|6f23414a-083b-4f7d-bc3a-2551408e10ca"
"transparenz.karlsruhe.de|891591f0-5b38-43b8-8bcd-4102bb6cb000";"transparenz.karlsruhe.de|b92ae252-8f3b-48c9-8f97-4cf1bc4dcd29"
"transparenz.karlsruhe.de|891591f0-5b38-43b8-8bcd-4102bb6cb000";"transparenz.karlsruhe.de|d14db02f-62c5-42ec-8c9b-26509a0547f7"
"transparenz.karlsruhe.de|896da50a-da82-44da-8f70-1f182240c8a4";"transparenz.karlsruhe.de|17dcb3ef-111c-4e18-a7fb-b479b03d9134"
"transparenz.karlsruhe.de|896da50a-da82-44da-8f70-1f182240c8a4";"transparenz.karlsruhe.de|d14db02f-62c5-42ec-8c9b-26509a0547f7"
"transparenz.karlsruhe.de|896da50a-da82-44da-8f70-1f182240c8a4";"transparenz.karlsruhe.de|e989702d-b21f-4df4-ac8c-ea2cfcda0128"
"transparenz.karlsruhe.de|8a399423-64c3-445e-9334-310a09b08b3c";"transparenz.karlsruhe.de|f8252cc8-d3fe-4e29-91dc-aaae876a7908"
"transparenz.karlsruhe.de|8c4a2e98-9c95-46bc-832f-25a0d3a6ec72";"transparenz.karlsruhe.de|f8252cc8-d3fe-4e29-91dc-aaae876a7908"
"transparenz.karlsruhe.de|8cc60f8b-379c-4bba-89aa-a2e2e9725037";"transparenz.karlsruhe.de|68e78f1a-33c6-468b-849a-5377c1cc05bb"
"transparenz.karlsruhe.de|8cc60f8b-379c-4bba-89aa-a2e2e9725037";"transparenz.karlsruhe.de|a943e0cf-44cd-45e3-964a-1906bda479d0"
"transparenz.karlsruhe.de|8cc60f8b-379c-4bba-89aa-a2e2e9725037";"transparenz.karlsruhe.de|ba650d6c-1b3b-4c57-b09c-f92736ee5a18"
"transparenz.karlsruhe.de|8cc60f8b-379c-4bba-89aa-a2e2e9725037";"transparenz.karlsruhe.de|f7057753-4769-4dc1-957c-eafeedd1b534"
"transparenz.karlsruhe.de|8cf9701f-a3ec-4b14-85a3-8294678153f9";"transparenz.karlsruhe.de|f8252cc8-d3fe-4e29-91dc-aaae876a7908"
"transparenz.karlsruhe.de|8d16feed-fcae-4776-afbe-cfb49f60aaec";"transparenz.karlsruhe.de|6ffbe6b0-421f-4d04-8624-12107f56d6e4"
"transparenz.karlsruhe.de|8d16feed-fcae-4776-afbe-cfb49f60aaec";"transparenz.karlsruhe.de|b7e37144-59d5-4658-8119-e39bdae14c10"
"transparenz.karlsruhe.de|8d26184b-c25e-478e-917c-df16a40f81d8";"transparenz.karlsruhe.de|f8252cc8-d3fe-4e29-91dc-aaae876a7908"
"transparenz.karlsruhe.de|90c1e89d-f054-425a-a826-10117c05fd32";"transparenz.karlsruhe.de|17dcb3ef-111c-4e18-a7fb-b479b03d9134"
"transparenz.karlsruhe.de|90c1e89d-f054-425a-a826-10117c05fd32";"transparenz.karlsruhe.de|7503c971-d97a-4d3c-9d33-50226b5e79b6"
"transparenz.karlsruhe.de|90c1e89d-f054-425a-a826-10117c05fd32";"transparenz.karlsruhe.de|e0a68652-fcca-4511-a707-9ef283a8b212"
"transparenz.karlsruhe.de|90c1e89d-f054-425a-a826-10117c05fd32";"transparenz.karlsruhe.de|e989702d-b21f-4df4-ac8c-ea2cfcda0128"
"transparenz.karlsruhe.de|920b8d72-0839-402e-ab6d-4a8cbee7bcd3";"transparenz.karlsruhe.de|93882cf4-042e-4dc3-a21a-2a777f4d54fa"
"transparenz.karlsruhe.de|941a2fd1-e9ae-4822-99ce-14c0c0203987";"transparenz.karlsruhe.de|f8252cc8-d3fe-4e29-91dc-aaae876a7908"
"transparenz.karlsruhe.de|96316e6a-06a0-4460-ad14-9cad4f5c5491";"transparenz.karlsruhe.de|f8252cc8-d3fe-4e29-91dc-aaae876a7908"
"transparenz.karlsruhe.de|9bc7289b-ba18-47cc-a5bb-75bb622759ab";"transparenz.karlsruhe.de|0cf542bd-fd6d-4d40-a67c-19f43a5d69f8"
"transparenz.karlsruhe.de|9bc7289b-ba18-47cc-a5bb-75bb622759ab";"transparenz.karlsruhe.de|32326776-eea9-486c-bd75-16f0852b5780"
"transparenz.karlsruhe.de|9bc7289b-ba18-47cc-a5bb-75bb622759ab";"transparenz.karlsruhe.de|43fa7f7b-5a77-4594-b6ac-f661ce5a4a5d"
"transparenz.karlsruhe.de|9bc7289b-ba18-47cc-a5bb-75bb622759ab";"transparenz.karlsruhe.de|4830d330-79d5-4d2b-90da-590a89c56195"
"transparenz.karlsruhe.de|9bc7289b-ba18-47cc-a5bb-75bb622759ab";"transparenz.karlsruhe.de|592fa67c-bf0d-4986-a946-3ad05b0a44d9"
"transparenz.karlsruhe.de|9bc7289b-ba18-47cc-a5bb-75bb622759ab";"transparenz.karlsruhe.de|79827ff5-8c6a-4f5b-b940-7c9a2398c2b3"
"transparenz.karlsruhe.de|9bc7289b-ba18-47cc-a5bb-75bb622759ab";"transparenz.karlsruhe.de|bcd149aa-1f78-4616-80b1-5d4185d174d8"
"transparenz.karlsruhe.de|9bf02626-cc60-4eb0-b79c-8ea3a11d818d";"transparenz.karlsruhe.de|00f8cd5d-955e-4f05-84a0-f583966b8477"
"transparenz.karlsruhe.de|9bf02626-cc60-4eb0-b79c-8ea3a11d818d";"transparenz.karlsruhe.de|0bac8c8c-0292-4954-b619-9d6ba783103e"
"transparenz.karlsruhe.de|9bf02626-cc60-4eb0-b79c-8ea3a11d818d";"transparenz.karlsruhe.de|150e74f3-627f-4008-a872-b4e38928387b"
"transparenz.karlsruhe.de|9bf02626-cc60-4eb0-b79c-8ea3a11d818d";"transparenz.karlsruhe.de|6a904e53-5aee-4482-82fa-ec632a3d8500"
"transparenz.karlsruhe.de|9bf02626-cc60-4eb0-b79c-8ea3a11d818d";"transparenz.karlsruhe.de|c80afff4-4b6f-442b-b806-88d645083dfb"
"transparenz.karlsruhe.de|9bf02626-cc60-4eb0-b79c-8ea3a11d818d";"transparenz.karlsruhe.de|fc019554-88d9-45ec-8220-027f336e6324"
"transparenz.karlsruhe.de|9fed504c-f085-49b3-8590-0f7045b29443";"transparenz.karlsruhe.de|0f6fb818-8a00-4a98-a454-9230aaa70a25"
"transparenz.karlsruhe.de|9fed504c-f085-49b3-8590-0f7045b29443";"transparenz.karlsruhe.de|34a129da-c2b3-4acd-a023-ca4634ba6eab"
"transparenz.karlsruhe.de|9fed504c-f085-49b3-8590-0f7045b29443";"transparenz.karlsruhe.de|79827ff5-8c6a-4f5b-b940-7c9a2398c2b3"
"transparenz.karlsruhe.de|9fed504c-f085-49b3-8590-0f7045b29443";"transparenz.karlsruhe.de|bcd149aa-1f78-4616-80b1-5d4185d174d8"
"transparenz.karlsruhe.de|a2c00819-7595-496d-8c34-262cd9a8f4f0";"transparenz.karlsruhe.de|f8252cc8-d3fe-4e29-91dc-aaae876a7908"
"transparenz.karlsruhe.de|a61c6cdc-059b-4509-9728-2a7708b82288";"transparenz.karlsruhe.de|21e6918b-8cc4-404d-8905-e95e5d3c0b7a"
"transparenz.karlsruhe.de|a61c6cdc-059b-4509-9728-2a7708b82288";"transparenz.karlsruhe.de|2540905b-5f82-41e9-b38c-ab956df8c898"
"transparenz.karlsruhe.de|a61c6cdc-059b-4509-9728-2a7708b82288";"transparenz.karlsruhe.de|46e033e6-4746-4e0e-8193-d535ff5140cc"
"transparenz.karlsruhe.de|a639453f-0c2f-4a92-a895-7353394b3e60";"transparenz.karlsruhe.de|0442f1ed-f63a-4d11-9f57-528bde3b5903"
"transparenz.karlsruhe.de|a639453f-0c2f-4a92-a895-7353394b3e60";"transparenz.karlsruhe.de|32326776-eea9-486c-bd75-16f0852b5780"
"transparenz.karlsruhe.de|a639453f-0c2f-4a92-a895-7353394b3e60";"transparenz.karlsruhe.de|eb882337-03af-401b-9e43-79da263685b1"
"transparenz.karlsruhe.de|a73bcee8-2bbc-4a88-b10d-053b4dd75667";"transparenz.karlsruhe.de|1fa9f633-2284-4609-96fa-b4d33b9ad190"
"transparenz.karlsruhe.de|a73bcee8-2bbc-4a88-b10d-053b4dd75667";"transparenz.karlsruhe.de|7ca04a27-74b4-4e56-aaaa-63d8016cf52b"
"transparenz.karlsruhe.de|a73bcee8-2bbc-4a88-b10d-053b4dd75667";"transparenz.karlsruhe.de|97fbcb0b-cc33-444e-87c2-cac41720fcd1"
"transparenz.karlsruhe.de|a73bcee8-2bbc-4a88-b10d-053b4dd75667";"transparenz.karlsruhe.de|ef6e010a-3508-47d7-9bf1-21ca87e245ad"
"transparenz.karlsruhe.de|a88c3969-23c5-4859-a65b-99e06930a575";"transparenz.karlsruhe.de|1123b907-ad5e-438b-9ab0-6ef5a791b249"
"transparenz.karlsruhe.de|a88c3969-23c5-4859-a65b-99e06930a575";"transparenz.karlsruhe.de|49b848a0-be93-46d1-b299-7eb890256033"
"transparenz.karlsruhe.de|a88c3969-23c5-4859-a65b-99e06930a575";"transparenz.karlsruhe.de|4b1d0570-5a33-444c-a6ff-d16672583b1f"
"transparenz.karlsruhe.de|a88c3969-23c5-4859-a65b-99e06930a575";"transparenz.karlsruhe.de|6fa6bb8a-79b6-4e8f-af42-9826c5ee0634"
"transparenz.karlsruhe.de|a88c3969-23c5-4859-a65b-99e06930a575";"transparenz.karlsruhe.de|9d8c7c2e-7ce2-4269-88b0-15f7be4c1054"
"transparenz.karlsruhe.de|a88c3969-23c5-4859-a65b-99e06930a575";"transparenz.karlsruhe.de|a4a93979-4829-4e4a-952e-f2fb82ef7527"
"transparenz.karlsruhe.de|a88c3969-23c5-4859-a65b-99e06930a575";"transparenz.karlsruhe.de|d6bf7f3f-f973-4b26-8b67-1f6d1fef31f3"
"transparenz.karlsruhe.de|a88c3969-23c5-4859-a65b-99e06930a575";"transparenz.karlsruhe.de|ef4535ca-361e-4400-a06a-0a4c1324a3ea"
"transparenz.karlsruhe.de|ac278797-51e4-48fb-b3d1-cc1ca20ce2a6";"transparenz.karlsruhe.de|55f46c60-aff2-4699-b9e3-2688c721d7f6"
"transparenz.karlsruhe.de|ac278797-51e4-48fb-b3d1-cc1ca20ce2a6";"transparenz.karlsruhe.de|75e446ab-62cd-4b37-9732-74135521c177"
"transparenz.karlsruhe.de|ac278797-51e4-48fb-b3d1-cc1ca20ce2a6";"transparenz.karlsruhe.de|853288cb-fcbb-4a63-9da0-4e89daf47a51"
"transparenz.karlsruhe.de|ac278797-51e4-48fb-b3d1-cc1ca20ce2a6";"transparenz.karlsruhe.de|b7caa95d-ff98-4b89-9196-000f874ae3ea"
"transparenz.karlsruhe.de|ad6811bf-7b3d-48c3-ae6f-a92c3967fbdf";"transparenz.karlsruhe.de|6ffbe6b0-421f-4d04-8624-12107f56d6e4"
"transparenz.karlsruhe.de|ad6811bf-7b3d-48c3-ae6f-a92c3967fbdf";"transparenz.karlsruhe.de|b7e37144-59d5-4658-8119-e39bdae14c10"
"transparenz.karlsruhe.de|b0e3ce51-a09b-47f6-b583-3250d731e21f";"transparenz.karlsruhe.de|6ffbe6b0-421f-4d04-8624-12107f56d6e4"
"transparenz.karlsruhe.de|b0e3ce51-a09b-47f6-b583-3250d731e21f";"transparenz.karlsruhe.de|b7e37144-59d5-4658-8119-e39bdae14c10"
"transparenz.karlsruhe.de|b2f6ed11-6538-4ca9-b5cc-7248c7738a6d";"transparenz.karlsruhe.de|272f79b6-90fe-434f-ad39-16d9bde6d4ab"
"transparenz.karlsruhe.de|b2f6ed11-6538-4ca9-b5cc-7248c7738a6d";"transparenz.karlsruhe.de|6a2e93c8-5f16-4094-be83-2f68da2bf8cd"
"transparenz.karlsruhe.de|b2f6ed11-6538-4ca9-b5cc-7248c7738a6d";"transparenz.karlsruhe.de|99ebd99f-6bc6-4876-9fe4-5632ade967f4"
"transparenz.karlsruhe.de|b37184be-9e05-4576-8340-e291e380defa";"transparenz.karlsruhe.de|480ee6d9-f95c-4e73-b2bd-b10503bac2b4"
"transparenz.karlsruhe.de|b37184be-9e05-4576-8340-e291e380defa";"transparenz.karlsruhe.de|741f93bc-48bc-4944-b6a4-ff46f564c354"
"transparenz.karlsruhe.de|b37184be-9e05-4576-8340-e291e380defa";"transparenz.karlsruhe.de|8120e0e0-1b5e-4f03-a10e-ce1641b70ccc"
"transparenz.karlsruhe.de|b37184be-9e05-4576-8340-e291e380defa";"transparenz.karlsruhe.de|8aaa2635-ca42-468d-ae21-d47f41a21c52"
"transparenz.karlsruhe.de|b37184be-9e05-4576-8340-e291e380defa";"transparenz.karlsruhe.de|baa6b606-f988-4b52-a247-0fdd00641bc0"
"transparenz.karlsruhe.de|b37184be-9e05-4576-8340-e291e380defa";"transparenz.karlsruhe.de|be12fdfb-61bf-43e6-ab91-f52afa62c97e"
"transparenz.karlsruhe.de|b37184be-9e05-4576-8340-e291e380defa";"transparenz.karlsruhe.de|c2195312-0428-4843-a716-2352efe29716"
"transparenz.karlsruhe.de|b37184be-9e05-4576-8340-e291e380defa";"transparenz.karlsruhe.de|cfff92b6-01c5-4578-954a-5b0ee6494aea"
"transparenz.karlsruhe.de|b37184be-9e05-4576-8340-e291e380defa";"transparenz.karlsruhe.de|e2169de2-8fdd-41cc-94cd-d01b7c7f540f"
"transparenz.karlsruhe.de|b37184be-9e05-4576-8340-e291e380defa";"transparenz.karlsruhe.de|ed49bfd3-4888-419a-affd-1c19c576e969"
"transparenz.karlsruhe.de|b37184be-9e05-4576-8340-e291e380defa";"transparenz.karlsruhe.de|ffdc2ac2-493e-48fc-92a1-f501c6b42a5f"
"transparenz.karlsruhe.de|bc8fb80a-b154-4b43-831e-d7bde4902103";"transparenz.karlsruhe.de|0619671d-d576-4740-8953-1e98fd2b8904"
"transparenz.karlsruhe.de|bc8fb80a-b154-4b43-831e-d7bde4902103";"transparenz.karlsruhe.de|0bac8c8c-0292-4954-b619-9d6ba783103e"
"transparenz.karlsruhe.de|bc8fb80a-b154-4b43-831e-d7bde4902103";"transparenz.karlsruhe.de|150e74f3-627f-4008-a872-b4e38928387b"
"transparenz.karlsruhe.de|bc8fb80a-b154-4b43-831e-d7bde4902103";"transparenz.karlsruhe.de|1626523b-501d-4912-b7cc-0db077b0a9b1"
"transparenz.karlsruhe.de|bc8fb80a-b154-4b43-831e-d7bde4902103";"transparenz.karlsruhe.de|65e8d6b1-cb6a-4cbb-98f4-a51333a712c6"
"transparenz.karlsruhe.de|bc8fb80a-b154-4b43-831e-d7bde4902103";"transparenz.karlsruhe.de|6a904e53-5aee-4482-82fa-ec632a3d8500"
"transparenz.karlsruhe.de|bc8fb80a-b154-4b43-831e-d7bde4902103";"transparenz.karlsruhe.de|6f23414a-083b-4f7d-bc3a-2551408e10ca"
"transparenz.karlsruhe.de|bc8fb80a-b154-4b43-831e-d7bde4902103";"transparenz.karlsruhe.de|99454a7a-7092-4307-8951-bdd3695b5b26"
"transparenz.karlsruhe.de|bc8fb80a-b154-4b43-831e-d7bde4902103";"transparenz.karlsruhe.de|c5c021bf-70fb-409f-863c-af9d867f8fdf"
"transparenz.karlsruhe.de|bc8fb80a-b154-4b43-831e-d7bde4902103";"transparenz.karlsruhe.de|c80afff4-4b6f-442b-b806-88d645083dfb"
"transparenz.karlsruhe.de|bc8fb80a-b154-4b43-831e-d7bde4902103";"transparenz.karlsruhe.de|cc049ed1-11a7-42ee-a9b7-9652c76c7034"
"transparenz.karlsruhe.de|bc8fb80a-b154-4b43-831e-d7bde4902103";"transparenz.karlsruhe.de|d7617794-5c3d-480c-b61a-756b5666817d"
"transparenz.karlsruhe.de|bc8fb80a-b154-4b43-831e-d7bde4902103";"transparenz.karlsruhe.de|e3cadb51-fb1f-456e-af17-38999b701f0c"
"transparenz.karlsruhe.de|bc8fb80a-b154-4b43-831e-d7bde4902103";"transparenz.karlsruhe.de|fc019554-88d9-45ec-8220-027f336e6324"
"transparenz.karlsruhe.de|bfeaee65-f4c7-4fd9-99f8-bf8f2519c965";"transparenz.karlsruhe.de|17dcb3ef-111c-4e18-a7fb-b479b03d9134"
"transparenz.karlsruhe.de|bfeaee65-f4c7-4fd9-99f8-bf8f2519c965";"transparenz.karlsruhe.de|853288cb-fcbb-4a63-9da0-4e89daf47a51"
"transparenz.karlsruhe.de|bfeaee65-f4c7-4fd9-99f8-bf8f2519c965";"transparenz.karlsruhe.de|ce0a329b-2b21-4092-8660-b007157f6942"
"transparenz.karlsruhe.de|bfeaee65-f4c7-4fd9-99f8-bf8f2519c965";"transparenz.karlsruhe.de|d14db02f-62c5-42ec-8c9b-26509a0547f7"
"transparenz.karlsruhe.de|c42d3f88-c6f2-4397-a753-9cbcc6db6c42";"transparenz.karlsruhe.de|17dcb3ef-111c-4e18-a7fb-b479b03d9134"
"transparenz.karlsruhe.de|c42d3f88-c6f2-4397-a753-9cbcc6db6c42";"transparenz.karlsruhe.de|d14db02f-62c5-42ec-8c9b-26509a0547f7"
"transparenz.karlsruhe.de|c42d3f88-c6f2-4397-a753-9cbcc6db6c42";"transparenz.karlsruhe.de|e989702d-b21f-4df4-ac8c-ea2cfcda0128"
"transparenz.karlsruhe.de|c564a324-a5a8-410f-b3b5-ee2a453e76b5";"transparenz.karlsruhe.de|0a55eba8-2c25-4cce-b8d8-3dfbf450a130"
"transparenz.karlsruhe.de|c564a324-a5a8-410f-b3b5-ee2a453e76b5";"transparenz.karlsruhe.de|231f96f9-320e-4cbe-b23b-939caef186bc"
"transparenz.karlsruhe.de|c564a324-a5a8-410f-b3b5-ee2a453e76b5";"transparenz.karlsruhe.de|2cee6f80-9c8e-449e-a27c-e179c1dbacad"
"transparenz.karlsruhe.de|c564a324-a5a8-410f-b3b5-ee2a453e76b5";"transparenz.karlsruhe.de|b7ac86fe-41d8-4d8b-8172-8fa38bec4249"
"transparenz.karlsruhe.de|c5fd90e9-20dd-421e-bd74-0ca61f79d9c7";"transparenz.karlsruhe.de|21242ccc-d032-4ddb-a3e0-e8f450ca4c63"
"transparenz.karlsruhe.de|c5fd90e9-20dd-421e-bd74-0ca61f79d9c7";"transparenz.karlsruhe.de|36b052be-e537-4d49-875c-ea5884847f49"
"transparenz.karlsruhe.de|c5fd90e9-20dd-421e-bd74-0ca61f79d9c7";"transparenz.karlsruhe.de|702308a4-3204-472c-a5fc-361eb7c288de"
"transparenz.karlsruhe.de|c5fd90e9-20dd-421e-bd74-0ca61f79d9c7";"transparenz.karlsruhe.de|7100c220-1e87-4bcd-9f1c-442f3135fa61"
"transparenz.karlsruhe.de|c6576352-5ece-4380-a837-1e454606bacd";"transparenz.karlsruhe.de|b0a05248-88fa-4dfb-bcc7-a95e748bbb3a"
"transparenz.karlsruhe.de|c6576352-5ece-4380-a837-1e454606bacd";"transparenz.karlsruhe.de|b19f5a04-f85a-43c1-9a94-31c865d0f94a"
"transparenz.karlsruhe.de|c657e486-232a-4b91-b6e0-cd409ed1cf5c";"transparenz.karlsruhe.de|f8252cc8-d3fe-4e29-91dc-aaae876a7908"
"transparenz.karlsruhe.de|c6be3e29-2026-486b-a32a-2142b3a38827";"transparenz.karlsruhe.de|41843776-d933-4a99-897a-861557af2c29"
"transparenz.karlsruhe.de|c6be3e29-2026-486b-a32a-2142b3a38827";"transparenz.karlsruhe.de|50542307-4298-4740-b1aa-ea2f4b70bb07"
"transparenz.karlsruhe.de|c6be3e29-2026-486b-a32a-2142b3a38827";"transparenz.karlsruhe.de|87781f11-5b15-4ba7-b056-093f5b6e6e6d"
"transparenz.karlsruhe.de|c6be3e29-2026-486b-a32a-2142b3a38827";"transparenz.karlsruhe.de|ab4115a8-47b4-4e79-8402-413defff10af"
"transparenz.karlsruhe.de|c7d05fb9-e79f-40f2-9777-52560015b5cb";"transparenz.karlsruhe.de|41843776-d933-4a99-897a-861557af2c29"
"transparenz.karlsruhe.de|c7d05fb9-e79f-40f2-9777-52560015b5cb";"transparenz.karlsruhe.de|87781f11-5b15-4ba7-b056-093f5b6e6e6d"
"transparenz.karlsruhe.de|c7d05fb9-e79f-40f2-9777-52560015b5cb";"transparenz.karlsruhe.de|9f63316f-c603-481e-9723-361198bc88c0"
"transparenz.karlsruhe.de|c7d05fb9-e79f-40f2-9777-52560015b5cb";"transparenz.karlsruhe.de|ab4115a8-47b4-4e79-8402-413defff10af"
"transparenz.karlsruhe.de|c9c9d83a-f650-4bff-aa51-54e4c6843e6a";"transparenz.karlsruhe.de|d14db02f-62c5-42ec-8c9b-26509a0547f7"
"transparenz.karlsruhe.de|c9c9d83a-f650-4bff-aa51-54e4c6843e6a";"transparenz.karlsruhe.de|e989702d-b21f-4df4-ac8c-ea2cfcda0128"
"transparenz.karlsruhe.de|cb0aef57-cee7-4414-80cb-845abd0ae625";"transparenz.karlsruhe.de|f8252cc8-d3fe-4e29-91dc-aaae876a7908"
"transparenz.karlsruhe.de|cb9d8d49-48a7-47c6-ad3d-f06cab9790e4";"transparenz.karlsruhe.de|0e4f9d6f-2247-41ea-a284-f3fc94e40c52"
"transparenz.karlsruhe.de|cb9d8d49-48a7-47c6-ad3d-f06cab9790e4";"transparenz.karlsruhe.de|7853ad82-b9d2-4638-b4d7-6836f7967893"
"transparenz.karlsruhe.de|cb9d8d49-48a7-47c6-ad3d-f06cab9790e4";"transparenz.karlsruhe.de|ba12ec5f-7648-489c-b4cc-0d26f0822645"
"transparenz.karlsruhe.de|cb9d8d49-48a7-47c6-ad3d-f06cab9790e4";"transparenz.karlsruhe.de|c75f72bb-d947-422e-999a-84493bad012e"
"transparenz.karlsruhe.de|cbb02888-fd1f-4bdd-b554-d9cc0058ef5b";"transparenz.karlsruhe.de|1b876d4b-4f4e-4fcf-8843-6be23349c846"
"transparenz.karlsruhe.de|cbb02888-fd1f-4bdd-b554-d9cc0058ef5b";"transparenz.karlsruhe.de|3b0e4ec9-3a45-4a23-816a-8997c0a4f358"
"transparenz.karlsruhe.de|cbb02888-fd1f-4bdd-b554-d9cc0058ef5b";"transparenz.karlsruhe.de|41843776-d933-4a99-897a-861557af2c29"
"transparenz.karlsruhe.de|cbb02888-fd1f-4bdd-b554-d9cc0058ef5b";"transparenz.karlsruhe.de|77e88831-d7c0-40c4-ac21-2827ec966024"
"transparenz.karlsruhe.de|cbb02888-fd1f-4bdd-b554-d9cc0058ef5b";"transparenz.karlsruhe.de|b9117f4e-ce95-4b91-9e54-0aee0aece383"
"transparenz.karlsruhe.de|cbb02888-fd1f-4bdd-b554-d9cc0058ef5b";"transparenz.karlsruhe.de|d2ee4820-5e7d-4880-9c79-9c2868056762"
"transparenz.karlsruhe.de|cc50eb96-6c3d-4d6f-9dcd-c56c4969ff59";"transparenz.karlsruhe.de|0c96b3e7-a5e3-431e-b543-06e6d52ee480"
"transparenz.karlsruhe.de|cc50eb96-6c3d-4d6f-9dcd-c56c4969ff59";"transparenz.karlsruhe.de|0e7d416c-6f8a-4836-9bef-3c6a6bdcc39a"
"transparenz.karlsruhe.de|cc50eb96-6c3d-4d6f-9dcd-c56c4969ff59";"transparenz.karlsruhe.de|32326776-eea9-486c-bd75-16f0852b5780"
"transparenz.karlsruhe.de|cc50eb96-6c3d-4d6f-9dcd-c56c4969ff59";"transparenz.karlsruhe.de|43fa7f7b-5a77-4594-b6ac-f661ce5a4a5d"
"transparenz.karlsruhe.de|cc50eb96-6c3d-4d6f-9dcd-c56c4969ff59";"transparenz.karlsruhe.de|54f75497-7c88-459a-9481-e310e3177757"
"transparenz.karlsruhe.de|cc50eb96-6c3d-4d6f-9dcd-c56c4969ff59";"transparenz.karlsruhe.de|6dc43c5d-ed4a-432a-97e9-02b797fdf391"
"transparenz.karlsruhe.de|cc50eb96-6c3d-4d6f-9dcd-c56c4969ff59";"transparenz.karlsruhe.de|70690235-fc26-4265-aa69-df67df4b6085"
"transparenz.karlsruhe.de|cc50eb96-6c3d-4d6f-9dcd-c56c4969ff59";"transparenz.karlsruhe.de|7b01b669-3d2e-4f96-b9b5-6766ef8078b7"
"transparenz.karlsruhe.de|cc50eb96-6c3d-4d6f-9dcd-c56c4969ff59";"transparenz.karlsruhe.de|83d692c3-1d75-4faa-8c95-6fb75fdcad93"
"transparenz.karlsruhe.de|cc50eb96-6c3d-4d6f-9dcd-c56c4969ff59";"transparenz.karlsruhe.de|96b8c8b4-abe2-486a-a904-40222fc34e25"
"transparenz.karlsruhe.de|cc50eb96-6c3d-4d6f-9dcd-c56c4969ff59";"transparenz.karlsruhe.de|b97dd971-da22-4e62-b8cc-a11fba4e9430"
"transparenz.karlsruhe.de|cc50eb96-6c3d-4d6f-9dcd-c56c4969ff59";"transparenz.karlsruhe.de|bc0f4d0f-1268-4a37-bea2-dec81e447a2b"
"transparenz.karlsruhe.de|cd339fde-37a4-4277-9aec-56add34e5201";"transparenz.karlsruhe.de|5c3d56c8-7fa6-4985-b384-d0482f1d6de2"
"transparenz.karlsruhe.de|cd339fde-37a4-4277-9aec-56add34e5201";"transparenz.karlsruhe.de|5dee3c54-29ef-453c-b08e-a74fa5255a08"
"transparenz.karlsruhe.de|cd339fde-37a4-4277-9aec-56add34e5201";"transparenz.karlsruhe.de|7a5d7bad-e995-419b-b5e1-e800912cb8f0"
"transparenz.karlsruhe.de|cd339fde-37a4-4277-9aec-56add34e5201";"transparenz.karlsruhe.de|8744d23b-2e68-4788-997f-b37be45d0005"
"transparenz.karlsruhe.de|cd339fde-37a4-4277-9aec-56add34e5201";"transparenz.karlsruhe.de|c1b68714-9a92-482b-b381-946894768b4f"
"transparenz.karlsruhe.de|cdcc1362-7d48-4c44-8215-764306c01387";"transparenz.karlsruhe.de|0432f24e-fc45-49e8-88ea-aad0c8b9e6fe"
"transparenz.karlsruhe.de|cdcc1362-7d48-4c44-8215-764306c01387";"transparenz.karlsruhe.de|2e2ecaf9-4215-4677-bd03-1947b53aa624"
"transparenz.karlsruhe.de|cdcc1362-7d48-4c44-8215-764306c01387";"transparenz.karlsruhe.de|47d7278b-bbdf-465c-a4a0-9f34416a4b8f"
"transparenz.karlsruhe.de|cdcc1362-7d48-4c44-8215-764306c01387";"transparenz.karlsruhe.de|5b6db3a7-c7e9-4c58-bad5-6f2d3518e9f9"
"transparenz.karlsruhe.de|cdcc1362-7d48-4c44-8215-764306c01387";"transparenz.karlsruhe.de|be24a4b7-624d-4543-956e-134cd561f0b0"
"transparenz.karlsruhe.de|cdcc1362-7d48-4c44-8215-764306c01387";"transparenz.karlsruhe.de|e524331a-04dc-441d-b9cf-cd1223c9966e"
"transparenz.karlsruhe.de|ce31ce95-c811-4f45-b4ce-8c166d24680a";"transparenz.karlsruhe.de|e989702d-b21f-4df4-ac8c-ea2cfcda0128"
"transparenz.karlsruhe.de|d0a376e1-4660-4ca2-8fe5-f6c021a14257";"transparenz.karlsruhe.de|480ee6d9-f95c-4e73-b2bd-b10503bac2b4"
"transparenz.karlsruhe.de|d0a376e1-4660-4ca2-8fe5-f6c021a14257";"transparenz.karlsruhe.de|741f93bc-48bc-4944-b6a4-ff46f564c354"
"transparenz.karlsruhe.de|d0a376e1-4660-4ca2-8fe5-f6c021a14257";"transparenz.karlsruhe.de|8120e0e0-1b5e-4f03-a10e-ce1641b70ccc"
"transparenz.karlsruhe.de|d0a376e1-4660-4ca2-8fe5-f6c021a14257";"transparenz.karlsruhe.de|8aaa2635-ca42-468d-ae21-d47f41a21c52"
"transparenz.karlsruhe.de|d0a376e1-4660-4ca2-8fe5-f6c021a14257";"transparenz.karlsruhe.de|baa6b606-f988-4b52-a247-0fdd00641bc0"
"transparenz.karlsruhe.de|d0a376e1-4660-4ca2-8fe5-f6c021a14257";"transparenz.karlsruhe.de|be12fdfb-61bf-43e6-ab91-f52afa62c97e"
"transparenz.karlsruhe.de|d0a376e1-4660-4ca2-8fe5-f6c021a14257";"transparenz.karlsruhe.de|e2169de2-8fdd-41cc-94cd-d01b7c7f540f"
"transparenz.karlsruhe.de|d0a376e1-4660-4ca2-8fe5-f6c021a14257";"transparenz.karlsruhe.de|ed49bfd3-4888-419a-affd-1c19c576e969"
"transparenz.karlsruhe.de|d0a376e1-4660-4ca2-8fe5-f6c021a14257";"transparenz.karlsruhe.de|ffdc2ac2-493e-48fc-92a1-f501c6b42a5f"
"transparenz.karlsruhe.de|d684d86e-789b-4dd2-801d-bbe00dbfc341";"transparenz.karlsruhe.de|2777e141-a1f1-4be4-ae8e-762649018634"
"transparenz.karlsruhe.de|d684d86e-789b-4dd2-801d-bbe00dbfc341";"transparenz.karlsruhe.de|2fac3ecc-dc06-4f53-a70a-c1601845376d"
"transparenz.karlsruhe.de|d684d86e-789b-4dd2-801d-bbe00dbfc341";"transparenz.karlsruhe.de|3468bcb6-aad5-48a9-9ce7-f4826538bbb1"
"transparenz.karlsruhe.de|d684d86e-789b-4dd2-801d-bbe00dbfc341";"transparenz.karlsruhe.de|bbbdcd15-fa6f-434a-95b8-6b74706b1d65"
"transparenz.karlsruhe.de|dab5a92a-2746-4ed5-b9ff-f2ae7f9758ab";"transparenz.karlsruhe.de|17dcb3ef-111c-4e18-a7fb-b479b03d9134"
"transparenz.karlsruhe.de|dab5a92a-2746-4ed5-b9ff-f2ae7f9758ab";"transparenz.karlsruhe.de|d14db02f-62c5-42ec-8c9b-26509a0547f7"
"transparenz.karlsruhe.de|dab5a92a-2746-4ed5-b9ff-f2ae7f9758ab";"transparenz.karlsruhe.de|e989702d-b21f-4df4-ac8c-ea2cfcda0128"
"transparenz.karlsruhe.de|db56443d-81b0-48e5-8a6d-21d1b459a714";"transparenz.karlsruhe.de|21533a6c-13f9-4b39-8af6-e13edbe058b2"
"transparenz.karlsruhe.de|db56443d-81b0-48e5-8a6d-21d1b459a714";"transparenz.karlsruhe.de|3ab84df4-cbec-413f-9e72-f6314ffb795d"
"transparenz.karlsruhe.de|db56443d-81b0-48e5-8a6d-21d1b459a714";"transparenz.karlsruhe.de|48c78bf5-962d-45ac-939e-4836f643efdd"
"transparenz.karlsruhe.de|db56443d-81b0-48e5-8a6d-21d1b459a714";"transparenz.karlsruhe.de|5f6ce651-2310-459f-96e9-e41d8dc1af66"
"transparenz.karlsruhe.de|db56443d-81b0-48e5-8a6d-21d1b459a714";"transparenz.karlsruhe.de|a8cc49dc-87e5-4f1a-b7e5-331d804471dd"
"transparenz.karlsruhe.de|db56443d-81b0-48e5-8a6d-21d1b459a714";"transparenz.karlsruhe.de|d2e9687e-b3df-4e94-8ab3-8ca77916f6e5"
"transparenz.karlsruhe.de|e0fb00e1-b5c1-4c1f-871b-96a2922c5ca6";"transparenz.karlsruhe.de|1221e6ec-3074-46fa-b9db-38fcf7de1b86"
"transparenz.karlsruhe.de|e0fb00e1-b5c1-4c1f-871b-96a2922c5ca6";"transparenz.karlsruhe.de|2a2aeb2b-19ef-425a-84cf-1e7ebd93a743"
"transparenz.karlsruhe.de|e0fb00e1-b5c1-4c1f-871b-96a2922c5ca6";"transparenz.karlsruhe.de|ff9624e4-79d0-44fb-a0c9-d88bdcefd907"
"transparenz.karlsruhe.de|e177bcbd-218f-43f2-9b63-7417ee77923a";"transparenz.karlsruhe.de|f8252cc8-d3fe-4e29-91dc-aaae876a7908"
"transparenz.karlsruhe.de|e3e112ca-829b-4681-b4a9-7a001e013c91";"transparenz.karlsruhe.de|164ab1e9-8307-47dc-8d72-11f8af22559d"
"transparenz.karlsruhe.de|e3e112ca-829b-4681-b4a9-7a001e013c91";"transparenz.karlsruhe.de|6f23414a-083b-4f7d-bc3a-2551408e10ca"
"transparenz.karlsruhe.de|e3e112ca-829b-4681-b4a9-7a001e013c91";"transparenz.karlsruhe.de|b4b030a3-2247-4fbe-a29f-344035d72ada"
"transparenz.karlsruhe.de|e3e112ca-829b-4681-b4a9-7a001e013c91";"transparenz.karlsruhe.de|d14db02f-62c5-42ec-8c9b-26509a0547f7"
"transparenz.karlsruhe.de|e3e112ca-829b-4681-b4a9-7a001e013c91";"transparenz.karlsruhe.de|e989702d-b21f-4df4-ac8c-ea2cfcda0128"
"transparenz.karlsruhe.de|e8f2d2cc-454d-48b9-8f2d-62fcdb497da8";"transparenz.karlsruhe.de|04910e98-b24f-4203-853a-6cb51aac3d3c"
"transparenz.karlsruhe.de|e8f2d2cc-454d-48b9-8f2d-62fcdb497da8";"transparenz.karlsruhe.de|7b244542-5cc6-4286-a044-8e24aa55852c"
"transparenz.karlsruhe.de|e8f2d2cc-454d-48b9-8f2d-62fcdb497da8";"transparenz.karlsruhe.de|a8012410-6387-4e17-a80a-8f2f3ec0865e"
"transparenz.karlsruhe.de|e8f2d2cc-454d-48b9-8f2d-62fcdb497da8";"transparenz.karlsruhe.de|c6602596-ee16-438b-ad5a-fb245acd0fda"
"transparenz.karlsruhe.de|e8f2d2cc-454d-48b9-8f2d-62fcdb497da8";"transparenz.karlsruhe.de|dd0c9c79-b585-4bdd-9a1e-6f74fd4bd31c"
"transparenz.karlsruhe.de|e8f2d2cc-454d-48b9-8f2d-62fcdb497da8";"transparenz.karlsruhe.de|e00adb40-9d9f-491e-b429-3f7f1ed2adc2"
"transparenz.karlsruhe.de|e8f2d2cc-454d-48b9-8f2d-62fcdb497da8";"transparenz.karlsruhe.de|ecfb17be-2631-479a-a275-d41ff02e303c"
"transparenz.karlsruhe.de|ef7cca66-6d3f-4c97-99ba-03cfeec88018";"transparenz.karlsruhe.de|b0a05248-88fa-4dfb-bcc7-a95e748bbb3a"
"transparenz.karlsruhe.de|ef7cca66-6d3f-4c97-99ba-03cfeec88018";"transparenz.karlsruhe.de|c658ea23-6a49-4edd-b342-4b3c6a32b60f"
"transparenz.karlsruhe.de|f131d57b-2e35-492b-8be9-b4f0f16e3ce4";"transparenz.karlsruhe.de|f8252cc8-d3fe-4e29-91dc-aaae876a7908"
"transparenz.karlsruhe.de|f69e895f-6c3a-4993-b94c-0413ceba9ff1";"transparenz.karlsruhe.de|4be84474-049f-4415-bc50-c49644e232df"
"transparenz.karlsruhe.de|f69e895f-6c3a-4993-b94c-0413ceba9ff1";"transparenz.karlsruhe.de|5097e909-2380-4679-a572-4c25cb7dfb73"
"transparenz.karlsruhe.de|f69e895f-6c3a-4993-b94c-0413ceba9ff1";"transparenz.karlsruhe.de|e3cadb51-fb1f-456e-af17-38999b701f0c"
"transparenz.karlsruhe.de|f92e8acd-ac3c-4872-bd01-a347be8b6370";"transparenz.karlsruhe.de|f8252cc8-d3fe-4e29-91dc-aaae876a7908"
"transparenz.karlsruhe.de|f9361193-8da3-4955-9ec5-09ea505887e1";"transparenz.karlsruhe.de|36f65d0e-cd7f-48c9-bd8c-f134e1148553"
"transparenz.karlsruhe.de|f9361193-8da3-4955-9ec5-09ea505887e1";"transparenz.karlsruhe.de|3f954532-9a73-453e-a97f-b057ee11f60c"
"transparenz.karlsruhe.de|f9361193-8da3-4955-9ec5-09ea505887e1";"transparenz.karlsruhe.de|405f4508-1c4a-4197-abe7-ccb76471cb31"
"transparenz.karlsruhe.de|f9361193-8da3-4955-9ec5-09ea505887e1";"transparenz.karlsruhe.de|9e3f3fa0-feb9-49ee-9a16-8b3fbadd3b6b"
"transparenz.karlsruhe.de|f9361193-8da3-4955-9ec5-09ea505887e1";"transparenz.karlsruhe.de|c94dc71a-66b5-4189-9b51-ee3160edb83b"
"transparenz.karlsruhe.de|f9361193-8da3-4955-9ec5-09ea505887e1";"transparenz.karlsruhe.de|ccf07035-acb2-47fa-a710-82653b160538"
"transparenz.karlsruhe.de|f9361193-8da3-4955-9ec5-09ea505887e1";"transparenz.karlsruhe.de|d6fdc0b3-e24f-4f9c-9d0c-f7ed09de1f29"
"transparenz.karlsruhe.de|f9361193-8da3-4955-9ec5-09ea505887e1";"transparenz.karlsruhe.de|ed6d0627-f675-43ac-ba7b-4066e0cafba5"
"transparenz.karlsruhe.de|f98ff9c1-9be1-4412-afeb-751708836f1b";"transparenz.karlsruhe.de|2b1791fb-3cb5-49ef-996d-ab12922fc201"
"transparenz.karlsruhe.de|f98ff9c1-9be1-4412-afeb-751708836f1b";"transparenz.karlsruhe.de|32326776-eea9-486c-bd75-16f0852b5780"
"transparenz.karlsruhe.de|f98ff9c1-9be1-4412-afeb-751708836f1b";"transparenz.karlsruhe.de|86d8d53c-33d9-465d-b003-566ddbfa720e"
"transparenz.karlsruhe.de|f98ff9c1-9be1-4412-afeb-751708836f1b";"transparenz.karlsruhe.de|98ed551c-b49a-4313-8032-2136e00d7697"
"transparenz.karlsruhe.de|f98ff9c1-9be1-4412-afeb-751708836f1b";"transparenz.karlsruhe.de|a06c7873-20b7-48d9-9e3a-edb6801f915a"
"transparenz.karlsruhe.de|f98ff9c1-9be1-4412-afeb-751708836f1b";"transparenz.karlsruhe.de|e47115c8-490e-4c16-a59b-9b5ad27b1a95"
"transparenz.karlsruhe.de|fbc5d9ec-84e3-47e8-8387-bb41d09d8d7d";"transparenz.karlsruhe.de|d14db02f-62c5-42ec-8c9b-26509a0547f7"
"transparenz.karlsruhe.de|fbc5d9ec-84e3-47e8-8387-bb41d09d8d7d";"transparenz.karlsruhe.de|e989702d-b21f-4df4-ac8c-ea2cfcda0128"
"transparenz.karlsruhe.de|fcdceb2e-d16d-410c-ba0f-521ba8c6effa";"transparenz.karlsruhe.de|2d59f7e7-2a4c-48a7-9839-6bcf8fc4ec68"
"transparenz.karlsruhe.de|fcdceb2e-d16d-410c-ba0f-521ba8c6effa";"transparenz.karlsruhe.de|aab45d48-7205-45aa-bb90-aff6c7848d2f"
"transparenz.karlsruhe.de|fcdceb2e-d16d-410c-ba0f-521ba8c6effa";"transparenz.karlsruhe.de|cc7d045e-a459-4b75-9845-afdd84678300"
"transparenz.karlsruhe.de|fcdceb2e-d16d-410c-ba0f-521ba8c6effa";"transparenz.karlsruhe.de|f8252cc8-d3fe-4e29-91dc-aaae876a7908"
"transparenz.karlsruhe.de|fcf85326-fdb0-41fb-ae5b-2a79d12a1bf5";"transparenz.karlsruhe.de|6ffbe6b0-421f-4d04-8624-12107f56d6e4"
"transparenz.karlsruhe.de|fcf85326-fdb0-41fb-ae5b-2a79d12a1bf5";"transparenz.karlsruhe.de|b7e37144-59d5-4658-8119-e39bdae14c10"
"transparenz.karlsruhe.de|fd78a131-9ad2-4fc0-8705-cd8f19917e57";"transparenz.karlsruhe.de|2d59f7e7-2a4c-48a7-9839-6bcf8fc4ec68"
"transparenz.karlsruhe.de|fd78a131-9ad2-4fc0-8705-cd8f19917e57";"transparenz.karlsruhe.de|aab45d48-7205-45aa-bb90-aff6c7848d2f"
"transparenz.karlsruhe.de|fd78a131-9ad2-4fc0-8705-cd8f19917e57";"transparenz.karlsruhe.de|ba2b6e45-9bde-4452-9d2a-93a480007eda"
"transparenz.karlsruhe.de|fd78a131-9ad2-4fc0-8705-cd8f19917e57";"transparenz.karlsruhe.de|f09f71ea-2662-4c66-8a48-d46a23c5a9b2"
"transparenz.karlsruhe.de|fdc3049d-14cf-4c14-b59a-1b82809242d5";"transparenz.karlsruhe.de|0865d2ef-87f6-4c1f-842f-8d3775acbbfa"
"transparenz.karlsruhe.de|fdc3049d-14cf-4c14-b59a-1b82809242d5";"transparenz.karlsruhe.de|199b39e4-b283-4414-9e2b-d2f338fe6075"
"transparenz.karlsruhe.de|fdc3049d-14cf-4c14-b59a-1b82809242d5";"transparenz.karlsruhe.de|1a02a938-0da7-46aa-b497-d191b1756adf"
"transparenz.karlsruhe.de|fdc3049d-14cf-4c14-b59a-1b82809242d5";"transparenz.karlsruhe.de|28f75f8e-caca-425b-9d6e-0facaf660d08"
"transparenz.karlsruhe.de|fdc3049d-14cf-4c14-b59a-1b82809242d5";"transparenz.karlsruhe.de|32326776-eea9-486c-bd75-16f0852b5780"
"transparenz.karlsruhe.de|fdc3049d-14cf-4c14-b59a-1b82809242d5";"transparenz.karlsruhe.de|4e5819f0-7269-477c-afe8-ac9bb3b9b5ef"
"transparenz.karlsruhe.de|fdc3049d-14cf-4c14-b59a-1b82809242d5";"transparenz.karlsruhe.de|5ca549e7-2e0f-4da7-9b98-9eb6ab03a23a"
"transparenz.karlsruhe.de|fdc3049d-14cf-4c14-b59a-1b82809242d5";"transparenz.karlsruhe.de|5ddadace-437d-43ba-b992-8e3db2240bdd"
"transparenz.karlsruhe.de|fdc3049d-14cf-4c14-b59a-1b82809242d5";"transparenz.karlsruhe.de|70272aeb-aae0-4295-8bb7-861f31963e30"
"transparenz.karlsruhe.de|fdc3049d-14cf-4c14-b59a-1b82809242d5";"transparenz.karlsruhe.de|708a41cb-3a4f-4878-9061-7de0dcb6c8b1"
"transparenz.karlsruhe.de|fdc3049d-14cf-4c14-b59a-1b82809242d5";"transparenz.karlsruhe.de|7f52d4ab-6836-455d-bb21-1c9cea80c836"
"transparenz.karlsruhe.de|fdc3049d-14cf-4c14-b59a-1b82809242d5";"transparenz.karlsruhe.de|9a304bf8-5133-4249-b043-3537b9a37525"
"transparenz.karlsruhe.de|fdc3049d-14cf-4c14-b59a-1b82809242d5";"transparenz.karlsruhe.de|9f24bd5e-e231-4162-ae53-20aae3e7c572"
"transparenz.karlsruhe.de|fdc3049d-14cf-4c14-b59a-1b82809242d5";"transparenz.karlsruhe.de|b0d33cca-8809-4ce9-8c3a-d23bc8c1fb22"
"transparenz.karlsruhe.de|fdc3049d-14cf-4c14-b59a-1b82809242d5";"transparenz.karlsruhe.de|c6949e8f-0026-4bef-8975-fd034ce52be6"
"mannheim.opendatasoft.com|da_2jz6h5";"mannheim.opendatasoft.com|da_2jz6h5|Ausländer"
"mannheim.opendatasoft.com|da_2jz6h5";"mannheim.opendatasoft.com|da_2jz6h5|Bevölkerung"
"mannheim.opendatasoft.com|da_2jz6h5";"mannheim.opendatasoft.com|da_2jz6h5|Bevölkerungsbestand"
"mannheim.opendatasoft.com|da_2jz6h5";"mannheim.opendatasoft.com|da_2jz6h5|Bevölkerungsstruktur"
"mannheim.opendatasoft.com|da_2jz6h5";"mannheim.opendatasoft.com|da_2jz6h5|Einwohner"
"mannheim.opendatasoft.com|da_2jz6h5";"mannheim.opendatasoft.com|da_2jz6h5|Geschlecht"
"mannheim.opendatasoft.com|da_2jz6h5";"mannheim.opendatasoft.com|da_2jz6h5|Hauptwohnung"
"mannheim.opendatasoft.com|da_2jz6h5";"mannheim.opendatasoft.com|da_2jz6h5|Migrationshintergrund"
"mannheim.opendatasoft.com|da_2jz6h5";"mannheim.opendatasoft.com|da_2jz6h5|Staatsangehörigkeit"
"mannheim.opendatasoft.com|da_2jz6h5";"mannheim.opendatasoft.com|da_2jz6h5|weiblich"
"mannheim.opendatasoft.com|da_975hzr";"mannheim.opendatasoft.com|da_975hzr|Emissionen"
"mannheim.opendatasoft.com|da_975hzr";"mannheim.opendatasoft.com|da_975hzr|Fußgängerzähler"
"mannheim.opendatasoft.com|da_975hzr";"mannheim.opendatasoft.com|da_975hzr|Mobilität"
"mannheim.opendatasoft.com|da_975hzr";"mannheim.opendatasoft.com|da_975hzr|Radzähler"
"mannheim.opendatasoft.com|da_975hzr";"mannheim.opendatasoft.com|da_975hzr|Umwelt"
"mannheim.opendatasoft.com|da_975hzr";"mannheim.opendatasoft.com|da_975hzr|Verkehr"
"mannheim.opendatasoft.com|da_a5zbnr";"mannheim.opendatasoft.com|da_a5zbnr|Emissionen"
"mannheim.opendatasoft.com|da_a5zbnr";"mannheim.opendatasoft.com|da_a5zbnr|Fußgängerzähler"
"mannheim.opendatasoft.com|da_a5zbnr";"mannheim.opendatasoft.com|da_a5zbnr|Mobilität"
"mannheim.opendatasoft.com|da_a5zbnr";"mannheim.opendatasoft.com|da_a5zbnr|Radzähler"
"mannheim.opendatasoft.com|da_a5zbnr";"mannheim.opendatasoft.com|da_a5zbnr|Umwelt"
"mannheim.opendatasoft.com|da_a5zbnr";"mannheim.opendatasoft.com|da_a5zbnr|Verkehr"
"mannheim.opendatasoft.com|da_a8mfyk";"mannheim.opendatasoft.com|da_a8mfyk|Emissionen"
"mannheim.opendatasoft.com|da_a8mfyk";"mannheim.opendatasoft.com|da_a8mfyk|Fußgängerzähler"
"mannheim.opendatasoft.com|da_a8mfyk";"mannheim.opendatasoft.com|da_a8mfyk|Mobilität"
"mannheim.opendatasoft.com|da_a8mfyk";"mannheim.opendatasoft.com|da_a8mfyk|Radzähler"
"mannheim.opendatasoft.com|da_a8mfyk";"mannheim.opendatasoft.com|da_a8mfyk|Umwelt"
"mannheim.opendatasoft.com|da_a8mfyk";"mannheim.opendatasoft.com|da_a8mfyk|Verkehr"
"mannheim.opendatasoft.com|da_brgvc1";"mannheim.opendatasoft.com|da_brgvc1|Benutzungsgebühren"
"mannheim.opendatasoft.com|da_brgvc1";"mannheim.opendatasoft.com|da_brgvc1|Stadtrecht"
"mannheim.opendatasoft.com|da_brgvc1";"mannheim.opendatasoft.com|da_brgvc1|Tageseinrichtung für Kinder"
"mannheim.opendatasoft.com|da_e79u2m";"mannheim.opendatasoft.com|da_e79u2m|Emissionen"
"mannheim.opendatasoft.com|da_e79u2m";"mannheim.opendatasoft.com|da_e79u2m|Fußgängerzähler"
"mannheim.opendatasoft.com|da_e79u2m";"mannheim.opendatasoft.com|da_e79u2m|Mobilität"
"mannheim.opendatasoft.com|da_e79u2m";"mannheim.opendatasoft.com|da_e79u2m|Radzähler"
"mannheim.opendatasoft.com|da_e79u2m";"mannheim.opendatasoft.com|da_e79u2m|Umwelt"
"mannheim.opendatasoft.com|da_e79u2m";"mannheim.opendatasoft.com|da_e79u2m|Verkehr"
"mannheim.opendatasoft.com|da_q0tp96";"mannheim.opendatasoft.com|da_q0tp96|Bikesharing"
"mannheim.opendatasoft.com|da_q0tp96";"mannheim.opendatasoft.com|da_q0tp96|Fahrrad"
"mannheim.opendatasoft.com|da_q0tp96";"mannheim.opendatasoft.com|da_q0tp96|Green Mbility"
"mannheim.opendatasoft.com|da_q0tp96";"mannheim.opendatasoft.com|da_q0tp96|Nextbike"
"mannheim.opendatasoft.com|da_q0tp96";"mannheim.opendatasoft.com|da_q0tp96|Standorte"
"mannheim.opendatasoft.com|da_q0tp96";"mannheim.opendatasoft.com|da_q0tp96|VRN"
"mannheim.opendatasoft.com|da_vflvze";"mannheim.opendatasoft.com|da_vflvze|Emissionen"
"mannheim.opendatasoft.com|da_vflvze";"mannheim.opendatasoft.com|da_vflvze|Fußgängerzähler"
"mannheim.opendatasoft.com|da_vflvze";"mannheim.opendatasoft.com|da_vflvze|Mobilität"
"mannheim.opendatasoft.com|da_vflvze";"mannheim.opendatasoft.com|da_vflvze|Radzähler"
"mannheim.opendatasoft.com|da_vflvze";"mannheim.opendatasoft.com|da_vflvze|Umwelt"
"mannheim.opendatasoft.com|da_vflvze";"mannheim.opendatasoft.com|da_vflvze|Verkehr"
"mannheim.opendatasoft.com|da_wkvyj7";"mannheim.opendatasoft.com|da_wkvyj7|Emissionen"
"mannheim.opendatasoft.com|da_wkvyj7";"mannheim.opendatasoft.com|da_wkvyj7|Fußgängerzähler"
"mannheim.opendatasoft.com|da_wkvyj7";"mannheim.opendatasoft.com|da_wkvyj7|Mobilität"
"mannheim.opendatasoft.com|da_wkvyj7";"mannheim.opendatasoft.com|da_wkvyj7|Radzähler"
"mannheim.opendatasoft.com|da_wkvyj7";"mannheim.opendatasoft.com|da_wkvyj7|Umwelt"
"mannheim.opendatasoft.com|da_wkvyj7";"mannheim.opendatasoft.com|da_wkvyj7|Verkehr"
"mannheim.opendatasoft.com|da_x48au9";"mannheim.opendatasoft.com|da_x48au9|Gemeinderat"
"mannheim.opendatasoft.com|da_x48au9";"mannheim.opendatasoft.com|da_x48au9|Gemeinderatswahlen"
"mannheim.opendatasoft.com|da_x48au9";"mannheim.opendatasoft.com|da_x48au9|Sitze im Gemeinderat"
"opendata.dormagen.de|da_181gso";"opendata.dormagen.de|da_181gso|Bundestagswahl"
"opendata.dormagen.de|da_181gso";"opendata.dormagen.de|da_181gso|Wahlamt"
"opendata.dormagen.de|da_181gso";"opendata.dormagen.de|da_181gso|Wahlen"
"opendata.dormagen.de|da_acckxg";"opendata.dormagen.de|da_acckxg|Kommunalbezirk"
"opendata.dormagen.de|da_acckxg";"opendata.dormagen.de|da_acckxg|Landtagswahl"
"opendata.dormagen.de|da_aw0nj8";"opendata.dormagen.de|da_aw0nj8|Kommunalwahl"
"opendata.dormagen.de|da_i4ujoi";"opendata.dormagen.de|da_i4ujoi|Alter"
"opendata.dormagen.de|da_i4ujoi";"opendata.dormagen.de|da_i4ujoi|Altersstruktur"
"opendata.dormagen.de|da_i4ujoi";"opendata.dormagen.de|da_i4ujoi|Dormagen"
"opendata.dormagen.de|da_i4ujoi";"opendata.dormagen.de|da_i4ujoi|Stadtteile"
"opendata.dormagen.de|da_k2vivw";"opendata.dormagen.de|da_k2vivw|Wahlamt"
"opendata.dormagen.de|da_k2vivw";"opendata.dormagen.de|da_k2vivw|Wahlen"
"opendata.dormagen.de|da_nuwreu";"opendata.dormagen.de|da_nuwreu|Wahlamt"
"opendata.dormagen.de|da_nuwreu";"opendata.dormagen.de|da_nuwreu|Wahlen"
"opendata.dormagen.de|da_szcqij";"opendata.dormagen.de|da_szcqij|Wahlamt"
"opendata.dormagen.de|da_szcqij";"opendata.dormagen.de|da_szcqij|Wahlen"
"opendata.dormagen.de|da_veis8r";"opendata.dormagen.de|da_veis8r|Schulen"
"opendata.dormagen.de|da_yzp1up";"opendata.dormagen.de|da_yzp1up|Wahlamt"
"opendata.dormagen.de|da_yzp1up";"opendata.dormagen.de|da_yzp1up|Wahlen"
"opendata.dormagen.de|da_z0v57n";"opendata.dormagen.de|da_z0v57n|Wahlamt"
"opendata.dormagen.de|da_z0v57n";"opendata.dormagen.de|da_z0v57n|Wahlen"
"opendata.potsdam.de|da_06nxp8";"opendata.potsdam.de|da_06nxp8|3D"
"opendata.potsdam.de|da_06nxp8";"opendata.potsdam.de|da_06nxp8|DGM"
"opendata.potsdam.de|da_06nxp8";"opendata.potsdam.de|da_06nxp8|Fernerkundung"
"opendata.potsdam.de|da_06nxp8";"opendata.potsdam.de|da_06nxp8|Geländemodell"
"opendata.potsdam.de|da_06nxp8";"opendata.potsdam.de|da_06nxp8|Geodaten"
"opendata.potsdam.de|da_06nxp8";"opendata.potsdam.de|da_06nxp8|Höhenangaben"
"opendata.potsdam.de|da_06nxp8";"opendata.potsdam.de|da_06nxp8|Laserscan"
"opendata.potsdam.de|da_06nxp8";"opendata.potsdam.de|da_06nxp8|Potsdam"
"opendata.potsdam.de|da_06nxp8";"opendata.potsdam.de|da_06nxp8|Rasterdaten"
"opendata.potsdam.de|da_06nxp8";"opendata.potsdam.de|da_06nxp8|Relief"
"opendata.potsdam.de|da_06nxp8";"opendata.potsdam.de|da_06nxp8|Vermessung"
"opendata.potsdam.de|da_azihzg";"opendata.potsdam.de|da_azihzg|Wahlen"
"opendata.potsdam.de|da_e8yevp";"opendata.potsdam.de|da_e8yevp|Abfall"
"opendata.potsdam.de|da_e8yevp";"opendata.potsdam.de|da_e8yevp|Altglas"
"opendata.potsdam.de|da_e8yevp";"opendata.potsdam.de|da_e8yevp|Container"
"opendata.potsdam.de|da_e8yevp";"opendata.potsdam.de|da_e8yevp|Glas"
"opendata.potsdam.de|da_e8yevp";"opendata.potsdam.de|da_e8yevp|Glassammlung"
"opendata.potsdam.de|da_e8yevp";"opendata.potsdam.de|da_e8yevp|Müll"
"opendata.potsdam.de|da_e8yevp";"opendata.potsdam.de|da_e8yevp|Potsdam"
"opendata.potsdam.de|da_e8yevp";"opendata.potsdam.de|da_e8yevp|Recycling"
"opendata.potsdam.de|da_e8yevp";"opendata.potsdam.de|da_e8yevp|Sammelcontainer"
"opendata.potsdam.de|da_gzv522";"opendata.potsdam.de|da_gzv522|Einwohner"
"opendata.potsdam.de|da_gzv522";"opendata.potsdam.de|da_gzv522|Haushalt"
"opendata.potsdam.de|da_gzv522";"opendata.potsdam.de|da_gzv522|Haushaltsgruppen"
"opendata.potsdam.de|da_gzv522";"opendata.potsdam.de|da_gzv522|Potsdam"
"opendata.potsdam.de|da_i33m1a";"opendata.potsdam.de|da_i33m1a|Bodenbedeckung"
"opendata.potsdam.de|da_i33m1a";"opendata.potsdam.de|da_i33m1a|DOP10"
"opendata.potsdam.de|da_i33m1a";"opendata.potsdam.de|da_i33m1a|DOP10RGB"
"opendata.potsdam.de|da_i33m1a";"opendata.potsdam.de|da_i33m1a|Farb-Aufnahmen"
"opendata.potsdam.de|da_i33m1a";"opendata.potsdam.de|da_i33m1a|Fernerkundung"
"opendata.potsdam.de|da_i33m1a";"opendata.potsdam.de|da_i33m1a|Geodaten"
"opendata.potsdam.de|da_i33m1a";"opendata.potsdam.de|da_i33m1a|Landnutzung"
"opendata.potsdam.de|da_i33m1a";"opendata.potsdam.de|da_i33m1a|Luftbild"
"opendata.potsdam.de|da_i33m1a";"opendata.potsdam.de|da_i33m1a|Orthofoto"
"opendata.potsdam.de|da_i33m1a";"opendata.potsdam.de|da_i33m1a|Photogrammetrie"
"opendata.potsdam.de|da_i33m1a";"opendata.potsdam.de|da_i33m1a|Potsdam"
"opendata.potsdam.de|da_i33m1a";"opendata.potsdam.de|da_i33m1a|Rasterdaten"
"opendata.potsdam.de|da_kuuy3r";"opendata.potsdam.de|da_kuuy3r|Anpassungsgebiete"
"opendata.potsdam.de|da_kuuy3r";"opendata.potsdam.de|da_kuuy3r|Entwicklungsbereiche"
"opendata.potsdam.de|da_kuuy3r";"opendata.potsdam.de|da_kuuy3r|Fördergebiete"
"opendata.potsdam.de|da_kuuy3r";"opendata.potsdam.de|da_kuuy3r|Sanierungsgebiete"
"opendata.potsdam.de|da_kuuy3r";"opendata.potsdam.de|da_kuuy3r|Soziale Stadt"
"opendata.potsdam.de|da_kuuy3r";"opendata.potsdam.de|da_kuuy3r|Vorbereitende Untersuchungen"
"opendata.potsdam.de|da_lagmw3";"opendata.potsdam.de|da_lagmw3|Potsdam"
"opendata.potsdam.de|da_lagmw3";"opendata.potsdam.de|da_lagmw3|Wohnen"
"opendata.potsdam.de|da_lagmw3";"opendata.potsdam.de|da_lagmw3|Wohnungsgröße"
"opendata.potsdam.de|da_ns1tz7";"opendata.potsdam.de|da_ns1tz7|Geodaten"
"opendata.potsdam.de|da_ns1tz7";"opendata.potsdam.de|da_ns1tz7|Hund"
"opendata.potsdam.de|da_ns1tz7";"opendata.potsdam.de|da_ns1tz7|Hundehaltung"
"opendata.potsdam.de|da_ns1tz7";"opendata.potsdam.de|da_ns1tz7|Leinenzwang"
"opendata.potsdam.de|da_ns1tz7";"opendata.potsdam.de|da_ns1tz7|Potsdam"
"opendata.potsdam.de|da_ns83hx";"opendata.potsdam.de|da_ns83hx|COVID-19"
"opendata.potsdam.de|da_ns83hx";"opendata.potsdam.de|da_ns83hx|Corona"
"opendata.rhein-kreis-neuss.de|da_1v8rqw";"opendata.rhein-kreis-neuss.de|da_1v8rqw|Dormagen"
"opendata.rhein-kreis-neuss.de|da_1v8rqw";"opendata.rhein-kreis-neuss.de|da_1v8rqw|Kindergarten"
"opendata.rhein-kreis-neuss.de|da_1v8rqw";"opendata.rhein-kreis-neuss.de|da_1v8rqw|Kindertagesstätte"
"opendata.rhein-kreis-neuss.de|da_1v8rqw";"opendata.rhein-kreis-neuss.de|da_1v8rqw|Kita"
"opendata.rhein-kreis-neuss.de|da_7qie4f";"opendata.rhein-kreis-neuss.de|da_7qie4f|Dormagen"
"opendata.rhein-kreis-neuss.de|da_7qie4f";"opendata.rhein-kreis-neuss.de|da_7qie4f|Grevenbroich"
"opendata.rhein-kreis-neuss.de|da_7qie4f";"opendata.rhein-kreis-neuss.de|da_7qie4f|Infektionen"
"opendata.rhein-kreis-neuss.de|da_7qie4f";"opendata.rhein-kreis-neuss.de|da_7qie4f|Jüchen"
"opendata.rhein-kreis-neuss.de|da_7qie4f";"opendata.rhein-kreis-neuss.de|da_7qie4f|Kaarst"
"opendata.rhein-kreis-neuss.de|da_7qie4f";"opendata.rhein-kreis-neuss.de|da_7qie4f|Korschenbroich"
"opendata.rhein-kreis-neuss.de|da_7qie4f";"opendata.rhein-kreis-neuss.de|da_7qie4f|Meerbusch"
"opendata.rhein-kreis-neuss.de|da_7qie4f";"opendata.rhein-kreis-neuss.de|da_7qie4f|Neuss"
"opendata.rhein-kreis-neuss.de|da_7qie4f";"opendata.rhein-kreis-neuss.de|da_7qie4f|Rhein-Kreis Neuss"
"opendata.rhein-kreis-neuss.de|da_7qie4f";"opendata.rhein-kreis-neuss.de|da_7qie4f|Rommerskirchen"
"opendata.rhein-kreis-neuss.de|da_bnrcw9";"opendata.rhein-kreis-neuss.de|da_bnrcw9|COVID-19"
"opendata.rhein-kreis-neuss.de|da_bnrcw9";"opendata.rhein-kreis-neuss.de|da_bnrcw9|Corona"
"opendata.rhein-kreis-neuss.de|da_bnrcw9";"opendata.rhein-kreis-neuss.de|da_bnrcw9|SARS-CoV-2"
"opendata.rhein-kreis-neuss.de|da_ck7ig4";"opendata.rhein-kreis-neuss.de|da_ck7ig4|Rhein-Kreis Neuss"
"opendata.rhein-kreis-neuss.de|da_hg514a";"opendata.rhein-kreis-neuss.de|da_hg514a|Dormagen"
"opendata.rhein-kreis-neuss.de|da_hg514a";"opendata.rhein-kreis-neuss.de|da_hg514a|Tischtennisplatten"
"opendata.rhein-kreis-neuss.de|da_hos9ci";"opendata.rhein-kreis-neuss.de|da_hos9ci|Dormagen"
"opendata.rhein-kreis-neuss.de|da_hos9ci";"opendata.rhein-kreis-neuss.de|da_hos9ci|Grevenbroich"
"opendata.rhein-kreis-neuss.de|da_hos9ci";"opendata.rhein-kreis-neuss.de|da_hos9ci|Infektionen"
"opendata.rhein-kreis-neuss.de|da_hos9ci";"opendata.rhein-kreis-neuss.de|da_hos9ci|Jüchen"
"opendata.rhein-kreis-neuss.de|da_hos9ci";"opendata.rhein-kreis-neuss.de|da_hos9ci|Kaarst"
"opendata.rhein-kreis-neuss.de|da_hos9ci";"opendata.rhein-kreis-neuss.de|da_hos9ci|Meerbusch"
"opendata.rhein-kreis-neuss.de|da_hos9ci";"opendata.rhein-kreis-neuss.de|da_hos9ci|Neuss"
"opendata.rhein-kreis-neuss.de|da_hos9ci";"opendata.rhein-kreis-neuss.de|da_hos9ci|Rommerskirchen"
"opendata.rhein-kreis-neuss.de|da_mxqxaj";"opendata.rhein-kreis-neuss.de|da_mxqxaj|Arbeitslose"
"opendata.rhein-kreis-neuss.de|da_mxqxaj";"opendata.rhein-kreis-neuss.de|da_mxqxaj|Arbeitslosenquote"
"opendata.rhein-kreis-neuss.de|da_mxqxaj";"opendata.rhein-kreis-neuss.de|da_mxqxaj|Arbeitsmarkt"
"opendata.rhein-kreis-neuss.de|da_mxqxaj";"opendata.rhein-kreis-neuss.de|da_mxqxaj|Arbeitsstellen"
"opendata.rhein-kreis-neuss.de|da_mxqxaj";"opendata.rhein-kreis-neuss.de|da_mxqxaj|Unterbeschäftigung"
"opendata.rhein-kreis-neuss.de|da_rd467b";"opendata.rhein-kreis-neuss.de|da_rd467b|Dormagen"
"opendata.rhein-kreis-neuss.de|da_rd467b";"opendata.rhein-kreis-neuss.de|da_rd467b|Grevenbroich"
"opendata.rhein-kreis-neuss.de|da_rd467b";"opendata.rhein-kreis-neuss.de|da_rd467b|Jüchen"
"opendata.rhein-kreis-neuss.de|da_rd467b";"opendata.rhein-kreis-neuss.de|da_rd467b|Kaarst"
"opendata.rhein-kreis-neuss.de|da_rd467b";"opendata.rhein-kreis-neuss.de|da_rd467b|Korschenbroich"
"opendata.rhein-kreis-neuss.de|da_rd467b";"opendata.rhein-kreis-neuss.de|da_rd467b|Meerbusch"
"opendata.rhein-kreis-neuss.de|da_rd467b";"opendata.rhein-kreis-neuss.de|da_rd467b|Neuss"
"opendata.rhein-kreis-neuss.de|da_rd467b";"opendata.rhein-kreis-neuss.de|da_rd467b|Rhein-Kreis Neuss"
"opendata.rhein-kreis-neuss.de|da_rd467b";"opendata.rhein-kreis-neuss.de|da_rd467b|Rommerskirchen"
"opendata.rhein-kreis-neuss.de|da_rl1ty1";"opendata.rhein-kreis-neuss.de|da_rl1ty1|Dormagen"
"opendata.rhein-kreis-neuss.de|da_rl1ty1";"opendata.rhein-kreis-neuss.de|da_rl1ty1|Europawahl"
"opendata.rhein-kreis-neuss.de|da_rl1ty1";"opendata.rhein-kreis-neuss.de|da_rl1ty1|Grevenbroich"
"opendata.rhein-kreis-neuss.de|da_rl1ty1";"opendata.rhein-kreis-neuss.de|da_rl1ty1|Jüchen"
"opendata.rhein-kreis-neuss.de|da_rl1ty1";"opendata.rhein-kreis-neuss.de|da_rl1ty1|Kaarst"
"opendata.rhein-kreis-neuss.de|da_rl1ty1";"opendata.rhein-kreis-neuss.de|da_rl1ty1|Korschenbroich"
"opendata.rhein-kreis-neuss.de|da_rl1ty1";"opendata.rhein-kreis-neuss.de|da_rl1ty1|Meerbusch"
"opendata.rhein-kreis-neuss.de|da_rl1ty1";"opendata.rhein-kreis-neuss.de|da_rl1ty1|Neuss"
"opendata.rhein-kreis-neuss.de|da_rl1ty1";"opendata.rhein-kreis-neuss.de|da_rl1ty1|Rhein-Kreis Neuss"
"opendata.rhein-kreis-neuss.de|da_rl1ty1";"opendata.rhein-kreis-neuss.de|da_rl1ty1|Rommerskirchen"
"opendata.rhein-kreis-neuss.de|da_rl1ty1";"opendata.rhein-kreis-neuss.de|da_rl1ty1|Wahlen"
"opendata.rhein-kreis-neuss.de|da_x44yps";"opendata.rhein-kreis-neuss.de|da_x44yps|Dormagen"
"opendata.rhein-kreis-neuss.de|da_x44yps";"opendata.rhein-kreis-neuss.de|da_x44yps|Grevenbroich"
"opendata.rhein-kreis-neuss.de|da_x44yps";"opendata.rhein-kreis-neuss.de|da_x44yps|Jüchen"
"opendata.rhein-kreis-neuss.de|da_x44yps";"opendata.rhein-kreis-neuss.de|da_x44yps|Kaarst"
"opendata.rhein-kreis-neuss.de|da_x44yps";"opendata.rhein-kreis-neuss.de|da_x44yps|Korschenbroich"
"opendata.rhein-kreis-neuss.de|da_x44yps";"opendata.rhein-kreis-neuss.de|da_x44yps|Neuss"
"opendata.rhein-kreis-neuss.de|da_x44yps";"opendata.rhein-kreis-neuss.de|da_x44yps|Rhein-Kreis Neuss"
"opendata.rhein-kreis-neuss.de|da_x44yps";"opendata.rhein-kreis-neuss.de|da_x44yps|Rommerskirchen"
"opendata.rhein-kreis-neuss.de|da_x44yps";"opendata.rhein-kreis-neuss.de|da_x44yps|Schüler"
