"tag_key";"tag_name";"tag_display_name";"tag_id";"url"
"transparenz.karlsruhe.de|00f8cd5d-955e-4f05-84a0-f583966b8477";"Straftaten";"Straftaten";"00f8cd5d-955e-4f05-84a0-f583966b8477";"transparenz.karlsruhe.de"
"transparenz.karlsruhe.de|02484e25-8366-40e9-961e-d5f9e28d2861";"Verwaltungsstruktur";"Verwaltungsstruktur";"02484e25-8366-40e9-961e-d5f9e28d2861";"transparenz.karlsruhe.de"
"transparenz.karlsruhe.de|0432f24e-fc45-49e8-88ea-aad0c8b9e6fe";"kinderbetreuung";"kinderbetreuung";"0432f24e-fc45-49e8-88ea-aad0c8b9e6fe";"transparenz.karlsruhe.de"
"transparenz.karlsruhe.de|0442f1ed-f63a-4d11-9f57-528bde3b5903";"wetter";"wetter";"0442f1ed-f63a-4d11-9f57-528bde3b5903";"transparenz.karlsruhe.de"
"transparenz.karlsruhe.de|04452d0f-ba0b-4aaa-864c-c49f9ba9f7f4";"Haushalt";"Haushalt";"04452d0f-ba0b-4aaa-864c-c49f9ba9f7f4";"transparenz.karlsruhe.de"
"transparenz.karlsruhe.de|04910e98-b24f-4203-853a-6cb51aac3d3c";"umweltqualität";"umweltqualität";"04910e98-b24f-4203-853a-6cb51aac3d3c";"transparenz.karlsruhe.de"
"transparenz.karlsruhe.de|051c2e99-61dc-44ba-8965-1f219b4f9766";"schulabschluss";"schulabschluss";"051c2e99-61dc-44ba-8965-1f219b4f9766";"transparenz.karlsruhe.de"
"transparenz.karlsruhe.de|0619671d-d576-4740-8953-1e98fd2b8904";"Unfallstatistik";"Unfallstatistik";"0619671d-d576-4740-8953-1e98fd2b8904";"transparenz.karlsruhe.de"
"transparenz.karlsruhe.de|0865d2ef-87f6-4c1f-842f-8d3775acbbfa";"wegzug";"wegzug";"0865d2ef-87f6-4c1f-842f-8d3775acbbfa";"transparenz.karlsruhe.de"
"transparenz.karlsruhe.de|089a6630-923a-4659-a541-bea85cf7915b";"sozialwesen";"sozialwesen";"089a6630-923a-4659-a541-bea85cf7915b";"transparenz.karlsruhe.de"
"transparenz.karlsruhe.de|0a55eba8-2c25-4cce-b8d8-3dfbf450a130";"Umwelschutz";"Umwelschutz";"0a55eba8-2c25-4cce-b8d8-3dfbf450a130";"transparenz.karlsruhe.de"
"transparenz.karlsruhe.de|0bac8c8c-0292-4954-b619-9d6ba783103e";"Ordnung";"Ordnung";"0bac8c8c-0292-4954-b619-9d6ba783103e";"transparenz.karlsruhe.de"
"transparenz.karlsruhe.de|0c96b3e7-a5e3-431e-b543-06e6d52ee480";"altersklassen";"altersklassen";"0c96b3e7-a5e3-431e-b543-06e6d52ee480";"transparenz.karlsruhe.de"
"transparenz.karlsruhe.de|0cf542bd-fd6d-4d40-a67c-19f43a5d69f8";"ausländerinnen";"ausländerinnen";"0cf542bd-fd6d-4d40-a67c-19f43a5d69f8";"transparenz.karlsruhe.de"
"transparenz.karlsruhe.de|0e4f9d6f-2247-41ea-a284-f3fc94e40c52";"Stadtentwicklung";"Stadtentwicklung";"0e4f9d6f-2247-41ea-a284-f3fc94e40c52";"transparenz.karlsruhe.de"
"transparenz.karlsruhe.de|0e7d416c-6f8a-4836-9bef-3c6a6bdcc39a";"bevölkerung-mit-hauptwohnung";"bevölkerung-mit-hauptwohnung";"0e7d416c-6f8a-4836-9bef-3c6a6bdcc39a";"transparenz.karlsruhe.de"
"transparenz.karlsruhe.de|0ef9f034-50c0-42eb-aad0-7a75140040fe";"arbeitsmarkt";"arbeitsmarkt";"0ef9f034-50c0-42eb-aad0-7a75140040fe";"transparenz.karlsruhe.de"
"transparenz.karlsruhe.de|0f6fb818-8a00-4a98-a454-9230aaa70a25";"nebenwohnung";"nebenwohnung";"0f6fb818-8a00-4a98-a454-9230aaa70a25";"transparenz.karlsruhe.de"
"transparenz.karlsruhe.de|1075d1c5-e7f1-4840-8bb6-cf995e73de04";"religion";"religion";"1075d1c5-e7f1-4840-8bb6-cf995e73de04";"transparenz.karlsruhe.de"
"transparenz.karlsruhe.de|10e17b51-b262-4acc-8212-0700c8bace20";"CO2";"CO2";"10e17b51-b262-4acc-8212-0700c8bace20";"transparenz.karlsruhe.de"
"transparenz.karlsruhe.de|1123b907-ad5e-438b-9ab0-6ef5a791b249";"aufenthaltsdauer";"aufenthaltsdauer";"1123b907-ad5e-438b-9ab0-6ef5a791b249";"transparenz.karlsruhe.de"
"transparenz.karlsruhe.de|118d8c12-d65d-4532-a5c1-29ceb9b5facc";"CO2-Bilanz";"CO2-Bilanz";"118d8c12-d65d-4532-a5c1-29ceb9b5facc";"transparenz.karlsruhe.de"
"transparenz.karlsruhe.de|11f0fad2-e685-4d4c-b7ae-8c891e279ac5";"staatsangehörigkeit";"staatsangehörigkeit";"11f0fad2-e685-4d4c-b7ae-8c891e279ac5";"transparenz.karlsruhe.de"
"transparenz.karlsruhe.de|1221e6ec-3074-46fa-b9db-38fcf7de1b86";"Aktionsplan City";"Aktionsplan City";"1221e6ec-3074-46fa-b9db-38fcf7de1b86";"transparenz.karlsruhe.de"
"transparenz.karlsruhe.de|123393cb-9695-4d6f-90e7-1985e5b0a8ee";"stadtverwaltung";"stadtverwaltung";"123393cb-9695-4d6f-90e7-1985e5b0a8ee";"transparenz.karlsruhe.de"
"transparenz.karlsruhe.de|135b0381-b529-4af2-9856-efc73d42555f";"Verkehrsmittel";"Verkehrsmittel";"135b0381-b529-4af2-9856-efc73d42555f";"transparenz.karlsruhe.de"
"transparenz.karlsruhe.de|150e74f3-627f-4008-a872-b4e38928387b";"Sicherheit";"Sicherheit";"150e74f3-627f-4008-a872-b4e38928387b";"transparenz.karlsruhe.de"
"transparenz.karlsruhe.de|152f4801-5962-49b1-ad3e-fed5fe60d2c3";"Kulturstadt";"Kulturstadt";"152f4801-5962-49b1-ad3e-fed5fe60d2c3";"transparenz.karlsruhe.de"
"transparenz.karlsruhe.de|1626523b-501d-4912-b7cc-0db077b0a9b1";"Kriminalitätsentwicklung";"Kriminalitätsentwicklung";"1626523b-501d-4912-b7cc-0db077b0a9b1";"transparenz.karlsruhe.de"
"transparenz.karlsruhe.de|164ab1e9-8307-47dc-8d72-11f8af22559d";"Geschwindigkeiten";"Geschwindigkeiten";"164ab1e9-8307-47dc-8d72-11f8af22559d";"transparenz.karlsruhe.de"
"transparenz.karlsruhe.de|1717018d-1d6f-46ca-9f39-0a977783b259";"trinkwasser";"trinkwasser";"1717018d-1d6f-46ca-9f39-0a977783b259";"transparenz.karlsruhe.de"
"transparenz.karlsruhe.de|17dcb3ef-111c-4e18-a7fb-b479b03d9134";"Parken";"Parken";"17dcb3ef-111c-4e18-a7fb-b479b03d9134";"transparenz.karlsruhe.de"
"transparenz.karlsruhe.de|193aa3fd-ed98-430d-ac56-b73f8348a449";"Amt";"Amt";"193aa3fd-ed98-430d-ac56-b73f8348a449";"transparenz.karlsruhe.de"
"transparenz.karlsruhe.de|199b39e4-b283-4414-9e2b-d2f338fe6075";"geburtenüberschuss";"geburtenüberschuss";"199b39e4-b283-4414-9e2b-d2f338fe6075";"transparenz.karlsruhe.de"
"transparenz.karlsruhe.de|1a02a938-0da7-46aa-b497-d191b1756adf";"wanderungsverlust";"wanderungsverlust";"1a02a938-0da7-46aa-b497-d191b1756adf";"transparenz.karlsruhe.de"
"transparenz.karlsruhe.de|1a0e7a74-291f-4266-8479-9a03a1bd02aa";"sonstige-keine-religionszugehörigkeit";"sonstige-keine-religionszugehörigkeit";"1a0e7a74-291f-4266-8479-9a03a1bd02aa";"transparenz.karlsruhe.de"
"transparenz.karlsruhe.de|1a89ca75-8e63-4191-a349-366fabd8a302";"Mobiltät";"Mobiltät";"1a89ca75-8e63-4191-a349-366fabd8a302";"transparenz.karlsruhe.de"
"transparenz.karlsruhe.de|1b876d4b-4f4e-4fcf-8843-6be23349c846";"hofladen";"hofladen";"1b876d4b-4f4e-4fcf-8843-6be23349c846";"transparenz.karlsruhe.de"
"transparenz.karlsruhe.de|1c54b6fb-fe76-46c4-9ff0-4a695ff851eb";"Energieverbrauch";"Energieverbrauch";"1c54b6fb-fe76-46c4-9ff0-4a695ff851eb";"transparenz.karlsruhe.de"
"transparenz.karlsruhe.de|1da6a62c-f155-4d3b-b0d0-015ecdf20240";"weiterführende-schule";"weiterführende-schule";"1da6a62c-f155-4d3b-b0d0-015ecdf20240";"transparenz.karlsruhe.de"
"transparenz.karlsruhe.de|1ed8dded-0d9d-48e6-be0c-521866a9ee07";"behinderung";"behinderung";"1ed8dded-0d9d-48e6-be0c-521866a9ee07";"transparenz.karlsruhe.de"
"transparenz.karlsruhe.de|1f04b3d3-0923-4264-9490-e2dabc1d6fb6";"nw";"nw";"1f04b3d3-0923-4264-9490-e2dabc1d6fb6";"transparenz.karlsruhe.de"
"transparenz.karlsruhe.de|1fa9f633-2284-4609-96fa-b4d33b9ad190";"Serviceleistungen";"Serviceleistungen";"1fa9f633-2284-4609-96fa-b4d33b9ad190";"transparenz.karlsruhe.de"
"transparenz.karlsruhe.de|20d18a1c-70ad-4e12-991a-897c4a5b5b5d";"schüler";"schüler";"20d18a1c-70ad-4e12-991a-897c4a5b5b5d";"transparenz.karlsruhe.de"
"transparenz.karlsruhe.de|21242ccc-d032-4ddb-a3e0-e8f450ca4c63";"Preisentwicklung";"Preisentwicklung";"21242ccc-d032-4ddb-a3e0-e8f450ca4c63";"transparenz.karlsruhe.de"
"transparenz.karlsruhe.de|21533a6c-13f9-4b39-8af6-e13edbe058b2";"pflegeheime";"pflegeheime";"21533a6c-13f9-4b39-8af6-e13edbe058b2";"transparenz.karlsruhe.de"
"transparenz.karlsruhe.de|21cf7c42-c04b-4ca8-9728-e1203cdf13ee";"Rad";"Rad";"21cf7c42-c04b-4ca8-9728-e1203cdf13ee";"transparenz.karlsruhe.de"
"transparenz.karlsruhe.de|21e6918b-8cc4-404d-8905-e95e5d3c0b7a";"gleichstellung";"gleichstellung";"21e6918b-8cc4-404d-8905-e95e5d3c0b7a";"transparenz.karlsruhe.de"
"transparenz.karlsruhe.de|22c06c4c-3b6a-4868-8f5d-fa50d7dc0fe3";"wahlergebnisse";"wahlergebnisse";"22c06c4c-3b6a-4868-8f5d-fa50d7dc0fe3";"transparenz.karlsruhe.de"
"transparenz.karlsruhe.de|231f96f9-320e-4cbe-b23b-939caef186bc";"Klimaschutz";"Klimaschutz";"231f96f9-320e-4cbe-b23b-939caef186bc";"transparenz.karlsruhe.de"
"transparenz.karlsruhe.de|23c0daad-5be5-432b-b31d-7d0ec29dee84";"stadtgeschichte";"stadtgeschichte";"23c0daad-5be5-432b-b31d-7d0ec29dee84";"transparenz.karlsruhe.de"
"transparenz.karlsruhe.de|2540905b-5f82-41e9-b38c-ab956df8c898";"partizipation";"partizipation";"2540905b-5f82-41e9-b38c-ab956df8c898";"transparenz.karlsruhe.de"
"transparenz.karlsruhe.de|272f79b6-90fe-434f-ad39-16d9bde6d4ab";"bericht";"bericht";"272f79b6-90fe-434f-ad39-16d9bde6d4ab";"transparenz.karlsruhe.de"
"transparenz.karlsruhe.de|2777e141-a1f1-4be4-ae8e-762649018634";"erdwärme";"erdwärme";"2777e141-a1f1-4be4-ae8e-762649018634";"transparenz.karlsruhe.de"
"transparenz.karlsruhe.de|27e0ae1c-262f-4066-8d79-d384353284ad";"gemeinschaftsschule";"gemeinschaftsschule";"27e0ae1c-262f-4066-8d79-d384353284ad";"transparenz.karlsruhe.de"
"transparenz.karlsruhe.de|2837550b-efab-4b2e-8ec9-878ced75358f";"registriert";"registriert";"2837550b-efab-4b2e-8ec9-878ced75358f";"transparenz.karlsruhe.de"
"transparenz.karlsruhe.de|28f75f8e-caca-425b-9d6e-0facaf660d08";"zuzug";"zuzug";"28f75f8e-caca-425b-9d6e-0facaf660d08";"transparenz.karlsruhe.de"
"transparenz.karlsruhe.de|29e80773-7015-4a48-8e17-0b5a1abb9540";"katholische-bevölkerung";"katholische-bevölkerung";"29e80773-7015-4a48-8e17-0b5a1abb9540";"transparenz.karlsruhe.de"
"transparenz.karlsruhe.de|2a2aeb2b-19ef-425a-84cf-1e7ebd93a743";"Aktionsplan";"Aktionsplan";"2a2aeb2b-19ef-425a-84cf-1e7ebd93a743";"transparenz.karlsruhe.de"
"transparenz.karlsruhe.de|2b0118ea-6802-49c2-a7af-03bdc04e193e";"spielfläche";"spielfläche";"2b0118ea-6802-49c2-a7af-03bdc04e193e";"transparenz.karlsruhe.de"
"transparenz.karlsruhe.de|2b1791fb-3cb5-49ef-996d-ab12922fc201";"wohnung";"wohnung";"2b1791fb-3cb5-49ef-996d-ab12922fc201";"transparenz.karlsruhe.de"
"transparenz.karlsruhe.de|2c1e19d7-1105-412c-8615-26d1af04c42e";"hunde";"hunde";"2c1e19d7-1105-412c-8615-26d1af04c42e";"transparenz.karlsruhe.de"
"transparenz.karlsruhe.de|2c4f5726-b80c-4571-a477-91952d7083af";"Nachhaltigkeit";"Nachhaltigkeit";"2c4f5726-b80c-4571-a477-91952d7083af";"transparenz.karlsruhe.de"
"transparenz.karlsruhe.de|2cee6f80-9c8e-449e-a27c-e179c1dbacad";"Klimaschutzkonzept";"Klimaschutzkonzept";"2cee6f80-9c8e-449e-a27c-e179c1dbacad";"transparenz.karlsruhe.de"
"transparenz.karlsruhe.de|2d59f7e7-2a4c-48a7-9839-6bcf8fc4ec68";"Bäume";"Bäume";"2d59f7e7-2a4c-48a7-9839-6bcf8fc4ec68";"transparenz.karlsruhe.de"
"transparenz.karlsruhe.de|2e2ecaf9-4215-4677-bd03-1947b53aa624";"kindertageseinrichtungen";"kindertageseinrichtungen";"2e2ecaf9-4215-4677-bd03-1947b53aa624";"transparenz.karlsruhe.de"
"transparenz.karlsruhe.de|2fac3ecc-dc06-4f53-a70a-c1601845376d";"karte";"karte";"2fac3ecc-dc06-4f53-a70a-c1601845376d";"transparenz.karlsruhe.de"
"transparenz.karlsruhe.de|320f43a3-46ea-4969-86d9-2eea78d193c2";"Bürgerumfrage";"Bürgerumfrage";"320f43a3-46ea-4969-86d9-2eea78d193c2";"transparenz.karlsruhe.de"
"transparenz.karlsruhe.de|32326776-eea9-486c-bd75-16f0852b5780";"zeitreihe";"zeitreihe";"32326776-eea9-486c-bd75-16f0852b5780";"transparenz.karlsruhe.de"
"transparenz.karlsruhe.de|33612121-5b48-40c4-9689-e70f4a408e18";"sonderschule";"sonderschule";"33612121-5b48-40c4-9689-e70f4a408e18";"transparenz.karlsruhe.de"
"transparenz.karlsruhe.de|337afcca-4e1c-4e83-aeb8-c19d957cf902";"private-schule";"private-schule";"337afcca-4e1c-4e83-aeb8-c19d957cf902";"transparenz.karlsruhe.de"
"transparenz.karlsruhe.de|3468bcb6-aad5-48a9-9ce7-f4826538bbb1";"geothermie";"geothermie";"3468bcb6-aad5-48a9-9ce7-f4826538bbb1";"transparenz.karlsruhe.de"
"transparenz.karlsruhe.de|34a129da-c2b3-4acd-a023-ca4634ba6eab";"hauptwohnung";"hauptwohnung";"34a129da-c2b3-4acd-a023-ca4634ba6eab";"transparenz.karlsruhe.de"
"transparenz.karlsruhe.de|34b01766-f2af-4e00-8f7b-de32bd5e09a0";"Events";"Events";"34b01766-f2af-4e00-8f7b-de32bd5e09a0";"transparenz.karlsruhe.de"
"transparenz.karlsruhe.de|34c4fb10-a838-4973-9277-d1cffe5e24fe";"Dienstellen";"Dienstellen";"34c4fb10-a838-4973-9277-d1cffe5e24fe";"transparenz.karlsruhe.de"
"transparenz.karlsruhe.de|34e95166-aa65-4303-a7bf-22ec53f95d31";"einpersonenhaushalte";"einpersonenhaushalte";"34e95166-aa65-4303-a7bf-22ec53f95d31";"transparenz.karlsruhe.de"
"transparenz.karlsruhe.de|358a50f4-8bd0-4754-a0de-9b54594acd0f";"paare";"paare";"358a50f4-8bd0-4754-a0de-9b54594acd0f";"transparenz.karlsruhe.de"
"transparenz.karlsruhe.de|36b052be-e537-4d49-875c-ea5884847f49";"Immobilienpreise";"Immobilienpreise";"36b052be-e537-4d49-875c-ea5884847f49";"transparenz.karlsruhe.de"
"transparenz.karlsruhe.de|36f65d0e-cd7f-48c9-bd8c-f134e1148553";"wohlstand";"wohlstand";"36f65d0e-cd7f-48c9-bd8c-f134e1148553";"transparenz.karlsruhe.de"
"transparenz.karlsruhe.de|380217bc-8dda-4eb6-adab-255f08a4c2c4";"museum";"museum";"380217bc-8dda-4eb6-adab-255f08a4c2c4";"transparenz.karlsruhe.de"
"transparenz.karlsruhe.de|39f6eb16-e6e0-4930-9052-88fafef1e111";"Bildungspendler";"Bildungspendler";"39f6eb16-e6e0-4930-9052-88fafef1e111";"transparenz.karlsruhe.de"
"transparenz.karlsruhe.de|3ab84df4-cbec-413f-9e72-f6314ffb795d";"pflegebedürftige";"pflegebedürftige";"3ab84df4-cbec-413f-9e72-f6314ffb795d";"transparenz.karlsruhe.de"
"transparenz.karlsruhe.de|3b0abff6-eb58-4175-8dbd-605d5e28eaf4";"Kulturlandschaft";"Kulturlandschaft";"3b0abff6-eb58-4175-8dbd-605d5e28eaf4";"transparenz.karlsruhe.de"
"transparenz.karlsruhe.de|3b0e4ec9-3a45-4a23-816a-8997c0a4f358";"Hofläden";"Hofläden";"3b0e4ec9-3a45-4a23-816a-8997c0a4f358";"transparenz.karlsruhe.de"
"transparenz.karlsruhe.de|3b4ddc1d-514b-4471-aab2-56744918271b";"wasser";"wasser";"3b4ddc1d-514b-4471-aab2-56744918271b";"transparenz.karlsruhe.de"
"transparenz.karlsruhe.de|3b68fc73-5b1e-4795-a8c0-20d1ab111d9f";"gms";"gms";"3b68fc73-5b1e-4795-a8c0-20d1ab111d9f";"transparenz.karlsruhe.de"
"transparenz.karlsruhe.de|3bde898a-9e5e-4af7-96f6-25e7add01ea4";"sport";"sport";"3bde898a-9e5e-4af7-96f6-25e7add01ea4";"transparenz.karlsruhe.de"
"transparenz.karlsruhe.de|3d799d7a-0626-4018-a4a9-dcfccbc4634a";"allgemein-bildende-schule";"allgemein-bildende-schule";"3d799d7a-0626-4018-a4a9-dcfccbc4634a";"transparenz.karlsruhe.de"
"transparenz.karlsruhe.de|3dadae7a-1cf5-49c0-8598-681592d8b22c";"abgänger";"abgänger";"3dadae7a-1cf5-49c0-8598-681592d8b22c";"transparenz.karlsruhe.de"
"transparenz.karlsruhe.de|3f954532-9a73-453e-a97f-b057ee11f60c";"sgb2";"sgb2";"3f954532-9a73-453e-a97f-b057ee11f60c";"transparenz.karlsruhe.de"
"transparenz.karlsruhe.de|405f4508-1c4a-4197-abe7-ccb76471cb31";"armut";"armut";"405f4508-1c4a-4197-abe7-ccb76471cb31";"transparenz.karlsruhe.de"
"transparenz.karlsruhe.de|41843776-d933-4a99-897a-861557af2c29";"Markt";"Markt";"41843776-d933-4a99-897a-861557af2c29";"transparenz.karlsruhe.de"
"transparenz.karlsruhe.de|42402970-b2fa-422a-89fa-a8a3dcf21dc6";"bevölkerung-mit-nebenwohnung";"bevölkerung-mit-nebenwohnung";"42402970-b2fa-422a-89fa-a8a3dcf21dc6";"transparenz.karlsruhe.de"
"transparenz.karlsruhe.de|425f34b8-70f0-4d2b-a54d-82892c068d3e";"Umwelt und Klima";"Umwelt und Klima";"425f34b8-70f0-4d2b-a54d-82892c068d3e";"transparenz.karlsruhe.de"
"transparenz.karlsruhe.de|42b2af15-e4d7-4787-9931-627d5b8decd0";"Berufspendler";"Berufspendler";"42b2af15-e4d7-4787-9931-627d5b8decd0";"transparenz.karlsruhe.de"
"transparenz.karlsruhe.de|43fa7f7b-5a77-4594-b6ac-f661ce5a4a5d";"alter";"alter";"43fa7f7b-5a77-4594-b6ac-f661ce5a4a5d";"transparenz.karlsruhe.de"
"transparenz.karlsruhe.de|44081e62-ad81-41d5-b030-ea6a01ef5653";"wrs";"wrs";"44081e62-ad81-41d5-b030-ea6a01ef5653";"transparenz.karlsruhe.de"
"transparenz.karlsruhe.de|4408ba64-b551-42df-b9bf-7959bb3e7092";"Doppelthaushalt";"Doppelthaushalt";"4408ba64-b551-42df-b9bf-7959bb3e7092";"transparenz.karlsruhe.de"
"transparenz.karlsruhe.de|4478087e-4f8a-4df4-adc7-abd31b72fc74";"Wochenmarkt";"Wochenmarkt";"4478087e-4f8a-4df4-adc7-abd31b72fc74";"transparenz.karlsruhe.de"
"transparenz.karlsruhe.de|4688b15a-e84b-41e8-8f8a-f5c8b7efe2eb";"theater";"theater";"4688b15a-e84b-41e8-8f8a-f5c8b7efe2eb";"transparenz.karlsruhe.de"
"transparenz.karlsruhe.de|468e2261-acd7-4a54-98b8-6493a37b0ade";"erwerbspersonen";"erwerbspersonen";"468e2261-acd7-4a54-98b8-6493a37b0ade";"transparenz.karlsruhe.de"
"transparenz.karlsruhe.de|46bb7c69-289d-42ea-8b62-256edccbb079";"Klimabilanz";"Klimabilanz";"46bb7c69-289d-42ea-8b62-256edccbb079";"transparenz.karlsruhe.de"
"transparenz.karlsruhe.de|46e033e6-4746-4e0e-8193-d535ff5140cc";"gender";"gender";"46e033e6-4746-4e0e-8193-d535ff5140cc";"transparenz.karlsruhe.de"
"transparenz.karlsruhe.de|47d7278b-bbdf-465c-a4a0-9f34416a4b8f";"ganztagesbetreuung";"ganztagesbetreuung";"47d7278b-bbdf-465c-a4a0-9f34416a4b8f";"transparenz.karlsruhe.de"
"transparenz.karlsruhe.de|480226cd-93e8-4a0a-a2ca-baee694a6246";"nachaltiger Konsum";"nachaltiger Konsum";"480226cd-93e8-4a0a-a2ca-baee694a6246";"transparenz.karlsruhe.de"
"transparenz.karlsruhe.de|480ee6d9-f95c-4e73-b2bd-b10503bac2b4";"sanitärausstattung";"sanitärausstattung";"480ee6d9-f95c-4e73-b2bd-b10503bac2b4";"transparenz.karlsruhe.de"
"transparenz.karlsruhe.de|4830d330-79d5-4d2b-90da-590a89c56195";"mhg-";"mhg-";"4830d330-79d5-4d2b-90da-590a89c56195";"transparenz.karlsruhe.de"
"transparenz.karlsruhe.de|48c78bf5-962d-45ac-939e-4836f643efdd";"alltagskompetenz";"alltagskompetenz";"48c78bf5-962d-45ac-939e-4836f643efdd";"transparenz.karlsruhe.de"
"transparenz.karlsruhe.de|49b848a0-be93-46d1-b299-7eb890256033";"übernachtungen";"übernachtungen";"49b848a0-be93-46d1-b299-7eb890256033";"transparenz.karlsruhe.de"
"transparenz.karlsruhe.de|4aa3dd6d-c84d-4813-8b81-e912142c41fe";"Finanzen";"Finanzen";"4aa3dd6d-c84d-4813-8b81-e912142c41fe";"transparenz.karlsruhe.de"
"transparenz.karlsruhe.de|4b1d0570-5a33-444c-a6ff-d16672583b1f";"hotel";"hotel";"4b1d0570-5a33-444c-a6ff-d16672583b1f";"transparenz.karlsruhe.de"
"transparenz.karlsruhe.de|4bd564a8-6b3b-436b-b5b9-af87731dcd59";"kindeswohlgefährdung";"kindeswohlgefährdung";"4bd564a8-6b3b-436b-b5b9-af87731dcd59";"transparenz.karlsruhe.de"
"transparenz.karlsruhe.de|4be84474-049f-4415-bc50-c49644e232df";"Lebensmittelkontrollen";"Lebensmittelkontrollen";"4be84474-049f-4415-bc50-c49644e232df";"transparenz.karlsruhe.de"
"transparenz.karlsruhe.de|4cc57ec6-1622-4f7b-b747-9c56bbf0281a";"lärmaktionsplan";"lärmaktionsplan";"4cc57ec6-1622-4f7b-b747-9c56bbf0281a";"transparenz.karlsruhe.de"
"transparenz.karlsruhe.de|4d8c7272-4351-4f69-9e44-2a25339d6784";"Studium";"Studium";"4d8c7272-4351-4f69-9e44-2a25339d6784";"transparenz.karlsruhe.de"
"transparenz.karlsruhe.de|4e5819f0-7269-477c-afe8-ac9bb3b9b5ef";"geburtendefizit";"geburtendefizit";"4e5819f0-7269-477c-afe8-ac9bb3b9b5ef";"transparenz.karlsruhe.de"
"transparenz.karlsruhe.de|4e931c1a-baef-4bf1-8cca-daeec6e75ab4";"schwerbehindertenausweis";"schwerbehindertenausweis";"4e931c1a-baef-4bf1-8cca-daeec6e75ab4";"transparenz.karlsruhe.de"
"transparenz.karlsruhe.de|50542307-4298-4740-b1aa-ea2f4b70bb07";"Tätigkeitsbericht";"Tätigkeitsbericht";"50542307-4298-4740-b1aa-ea2f4b70bb07";"transparenz.karlsruhe.de"
"transparenz.karlsruhe.de|5097e909-2380-4679-a572-4c25cb7dfb73";"Veterinärwesen";"Veterinärwesen";"5097e909-2380-4679-a572-4c25cb7dfb73";"transparenz.karlsruhe.de"
"transparenz.karlsruhe.de|50b59936-a16c-4465-982a-5a8e28ffb890";"Vermieter";"Vermieter";"50b59936-a16c-4465-982a-5a8e28ffb890";"transparenz.karlsruhe.de"
"transparenz.karlsruhe.de|511021aa-bb2c-4253-b8ef-b4b207bf673a";"Bürger";"Bürger";"511021aa-bb2c-4253-b8ef-b4b207bf673a";"transparenz.karlsruhe.de"
"transparenz.karlsruhe.de|512afcaf-ab87-457b-b584-ad2becc6dd92";"Verkehrsanbindung";"Verkehrsanbindung";"512afcaf-ab87-457b-b584-ad2becc6dd92";"transparenz.karlsruhe.de"
"transparenz.karlsruhe.de|53579e42-1603-4850-923c-8e7031335d54";"wohngeldbezug";"wohngeldbezug";"53579e42-1603-4850-923c-8e7031335d54";"transparenz.karlsruhe.de"
"transparenz.karlsruhe.de|538b0833-ddd9-476e-95b9-f3d96d16be0a";"sportstätten";"sportstätten";"538b0833-ddd9-476e-95b9-f3d96d16be0a";"transparenz.karlsruhe.de"
"transparenz.karlsruhe.de|5459c649-5c33-41a0-8ea9-f1609fbe394a";"Baustellen";"Baustellen";"5459c649-5c33-41a0-8ea9-f1609fbe394a";"transparenz.karlsruhe.de"
"transparenz.karlsruhe.de|54f75497-7c88-459a-9481-e310e3177757";"kinder";"kinder";"54f75497-7c88-459a-9481-e310e3177757";"transparenz.karlsruhe.de"
"transparenz.karlsruhe.de|5543f69e-a59f-4f14-9b4b-f0384f90109d";"kulturell";"kulturell";"5543f69e-a59f-4f14-9b4b-f0384f90109d";"transparenz.karlsruhe.de"
"transparenz.karlsruhe.de|55f46c60-aff2-4699-b9e3-2688c721d7f6";"mobil";"mobil";"55f46c60-aff2-4699-b9e3-2688c721d7f6";"transparenz.karlsruhe.de"
"transparenz.karlsruhe.de|57205def-d8da-4b03-9904-f11686c4cebb";"bildung";"bildung";"57205def-d8da-4b03-9904-f11686c4cebb";"transparenz.karlsruhe.de"
"transparenz.karlsruhe.de|5804d163-d151-4b86-a764-a846db486cb4";"Tatverdächtige";"Tatverdächtige";"5804d163-d151-4b86-a764-a846db486cb4";"transparenz.karlsruhe.de"
"transparenz.karlsruhe.de|592fa67c-bf0d-4986-a946-3ad05b0a44d9";"deutsche-mit-migrationshintergrund";"deutsche-mit-migrationshintergrund";"592fa67c-bf0d-4986-a946-3ad05b0a44d9";"transparenz.karlsruhe.de"
"transparenz.karlsruhe.de|5975e59e-9c7c-4f6a-8a26-50ae132ad817";"Bevölkerung";"Bevölkerung";"5975e59e-9c7c-4f6a-8a26-50ae132ad817";"transparenz.karlsruhe.de"
"transparenz.karlsruhe.de|5a5a071f-06b2-46cf-a1ef-8afffafc6bf3";"haupt-werkrealschule";"haupt-werkrealschule";"5a5a071f-06b2-46cf-a1ef-8afffafc6bf3";"transparenz.karlsruhe.de"
"transparenz.karlsruhe.de|5ae323bf-1962-4f82-8a7a-f48f8db42585";"ka-feedback";"ka-feedback";"5ae323bf-1962-4f82-8a7a-f48f8db42585";"transparenz.karlsruhe.de"
"transparenz.karlsruhe.de|5b6db3a7-c7e9-4c58-bad5-6f2d3518e9f9";"kindertagespflege";"kindertagespflege";"5b6db3a7-c7e9-4c58-bad5-6f2d3518e9f9";"transparenz.karlsruhe.de"
"transparenz.karlsruhe.de|5b9db044-6d74-4d5b-939b-1960a06ce02d";"kraftfahrzeuge";"kraftfahrzeuge";"5b9db044-6d74-4d5b-939b-1960a06ce02d";"transparenz.karlsruhe.de"
"transparenz.karlsruhe.de|5c3d56c8-7fa6-4985-b384-d0482f1d6de2";"minijobber";"minijobber";"5c3d56c8-7fa6-4985-b384-d0482f1d6de2";"transparenz.karlsruhe.de"
"transparenz.karlsruhe.de|5ca3d1b9-f847-4f35-97c2-8b4bbd45ed97";"Termine";"Termine";"5ca3d1b9-f847-4f35-97c2-8b4bbd45ed97";"transparenz.karlsruhe.de"
"transparenz.karlsruhe.de|5ca549e7-2e0f-4da7-9b98-9eb6ab03a23a";"geburten";"geburten";"5ca549e7-2e0f-4da7-9b98-9eb6ab03a23a";"transparenz.karlsruhe.de"
"transparenz.karlsruhe.de|5ddadace-437d-43ba-b992-8e3db2240bdd";"sterbefälle";"sterbefälle";"5ddadace-437d-43ba-b992-8e3db2240bdd";"transparenz.karlsruhe.de"
"transparenz.karlsruhe.de|5dee3c54-29ef-453c-b08e-a74fa5255a08";"nebenjob";"nebenjob";"5dee3c54-29ef-453c-b08e-a74fa5255a08";"transparenz.karlsruhe.de"
"transparenz.karlsruhe.de|5e03d13a-0750-416e-8c79-50f23291c6bd";"wohnungsbau";"wohnungsbau";"5e03d13a-0750-416e-8c79-50f23291c6bd";"transparenz.karlsruhe.de"
"transparenz.karlsruhe.de|5e56286d-e4b8-4f22-bb0d-884b0196e1ed";"neubau";"neubau";"5e56286d-e4b8-4f22-bb0d-884b0196e1ed";"transparenz.karlsruhe.de"
"transparenz.karlsruhe.de|5f6ce651-2310-459f-96e9-e41d8dc1af66";"rentenalter";"rentenalter";"5f6ce651-2310-459f-96e9-e41d8dc1af66";"transparenz.karlsruhe.de"
"transparenz.karlsruhe.de|61182d4d-5c71-41a8-9aab-164246f73a23";"Region";"Region";"61182d4d-5c71-41a8-9aab-164246f73a23";"transparenz.karlsruhe.de"
"transparenz.karlsruhe.de|62426f0e-a995-44f9-821c-1c9841a2faf8";"Klimaanpassung";"Klimaanpassung";"62426f0e-a995-44f9-821c-1c9841a2faf8";"transparenz.karlsruhe.de"
"transparenz.karlsruhe.de|635c4502-cffe-4ccd-b5c4-c04e2018103d";"bevölkerungsbewegung";"bevölkerungsbewegung";"635c4502-cffe-4ccd-b5c4-c04e2018103d";"transparenz.karlsruhe.de"
"transparenz.karlsruhe.de|63f2fd0d-4432-42e8-b556-4106237cea13";"umwelt";"umwelt";"63f2fd0d-4432-42e8-b556-4106237cea13";"transparenz.karlsruhe.de"
"transparenz.karlsruhe.de|64fc2f31-eb73-4efe-9f14-0c349218de02";"Klimadaten";"Klimadaten";"64fc2f31-eb73-4efe-9f14-0c349218de02";"transparenz.karlsruhe.de"
"transparenz.karlsruhe.de|653bfd36-ae1b-4f0f-add8-2096b20320ff";"werkrealschule";"werkrealschule";"653bfd36-ae1b-4f0f-add8-2096b20320ff";"transparenz.karlsruhe.de"
"transparenz.karlsruhe.de|65e8d6b1-cb6a-4cbb-98f4-a51333a712c6";"Tierschutz";"Tierschutz";"65e8d6b1-cb6a-4cbb-98f4-a51333a712c6";"transparenz.karlsruhe.de"
"transparenz.karlsruhe.de|678433d8-0c37-49cc-836f-52c734588ee5";"klinik";"klinik";"678433d8-0c37-49cc-836f-52c734588ee5";"transparenz.karlsruhe.de"
"transparenz.karlsruhe.de|68c8bdc8-b8a8-4b72-bb4d-9e11198d9751";"paar";"paar";"68c8bdc8-b8a8-4b72-bb4d-9e11198d9751";"transparenz.karlsruhe.de"
"transparenz.karlsruhe.de|68e78f1a-33c6-468b-849a-5377c1cc05bb";"kvv";"kvv";"68e78f1a-33c6-468b-849a-5377c1cc05bb";"transparenz.karlsruhe.de"
"transparenz.karlsruhe.de|6960f56c-cfcc-4240-bcf4-f530e34cf9fe";"familienstand";"familienstand";"6960f56c-cfcc-4240-bcf4-f530e34cf9fe";"transparenz.karlsruhe.de"
"transparenz.karlsruhe.de|69d41464-ca93-4904-9bbc-18c86479907f";"oberrhein";"oberrhein";"69d41464-ca93-4904-9bbc-18c86479907f";"transparenz.karlsruhe.de"
"transparenz.karlsruhe.de|6a2e93c8-5f16-4094-be83-2f68da2bf8cd";"kultur";"kultur";"6a2e93c8-5f16-4094-be83-2f68da2bf8cd";"transparenz.karlsruhe.de"
"transparenz.karlsruhe.de|6a904e53-5aee-4482-82fa-ec632a3d8500";"Kriminalstatistik";"Kriminalstatistik";"6a904e53-5aee-4482-82fa-ec632a3d8500";"transparenz.karlsruhe.de"
"transparenz.karlsruhe.de|6b34a9e4-1270-45ce-a0d1-b6231e21d337";"gebäudegröße";"gebäudegröße";"6b34a9e4-1270-45ce-a0d1-b6231e21d337";"transparenz.karlsruhe.de"
"transparenz.karlsruhe.de|6ca4923c-f4d0-4911-b5a6-be589c4df67d";"Wasserverbrauch";"Wasserverbrauch";"6ca4923c-f4d0-4911-b5a6-be589c4df67d";"transparenz.karlsruhe.de"
"transparenz.karlsruhe.de|6cafdef5-a6a5-46bd-aa74-127cce64891e";"mietzuschuss";"mietzuschuss";"6cafdef5-a6a5-46bd-aa74-127cce64891e";"transparenz.karlsruhe.de"
"transparenz.karlsruhe.de|6cdc075a-b944-4385-b3c5-9a5cae4e8c8a";"bundestagswahl";"bundestagswahl";"6cdc075a-b944-4385-b3c5-9a5cae4e8c8a";"transparenz.karlsruhe.de"
"transparenz.karlsruhe.de|6dc43c5d-ed4a-432a-97e9-02b797fdf391";"hw";"hw";"6dc43c5d-ed4a-432a-97e9-02b797fdf391";"transparenz.karlsruhe.de"
"transparenz.karlsruhe.de|6f23414a-083b-4f7d-bc3a-2551408e10ca";"Straßenverkehr";"Straßenverkehr";"6f23414a-083b-4f7d-bc3a-2551408e10ca";"transparenz.karlsruhe.de"
"transparenz.karlsruhe.de|6fa04d64-5c74-4f7a-8507-d5f50b84b5c8";"kindeswohl";"kindeswohl";"6fa04d64-5c74-4f7a-8507-d5f50b84b5c8";"transparenz.karlsruhe.de"
"transparenz.karlsruhe.de|6fa6bb8a-79b6-4e8f-af42-9826c5ee0634";"kategorien";"kategorien";"6fa6bb8a-79b6-4e8f-af42-9826c5ee0634";"transparenz.karlsruhe.de"
"transparenz.karlsruhe.de|6ffbe6b0-421f-4d04-8624-12107f56d6e4";"haushalt";"haushalt";"6ffbe6b0-421f-4d04-8624-12107f56d6e4";"transparenz.karlsruhe.de"
"transparenz.karlsruhe.de|702308a4-3204-472c-a5fc-361eb7c288de";"Preisniveau";"Preisniveau";"702308a4-3204-472c-a5fc-361eb7c288de";"transparenz.karlsruhe.de"
"transparenz.karlsruhe.de|70272aeb-aae0-4295-8bb7-861f31963e30";"geborene";"geborene";"70272aeb-aae0-4295-8bb7-861f31963e30";"transparenz.karlsruhe.de"
"transparenz.karlsruhe.de|705b239c-c9be-4b5e-96f7-e85dfe356774";"sbbz";"sbbz";"705b239c-c9be-4b5e-96f7-e85dfe356774";"transparenz.karlsruhe.de"
"transparenz.karlsruhe.de|70690235-fc26-4265-aa69-df67df4b6085";"ältere";"ältere";"70690235-fc26-4265-aa69-df67df4b6085";"transparenz.karlsruhe.de"
"transparenz.karlsruhe.de|708a41cb-3a4f-4878-9061-7de0dcb6c8b1";"wanderungssaldo";"wanderungssaldo";"708a41cb-3a4f-4878-9061-7de0dcb6c8b1";"transparenz.karlsruhe.de"
"transparenz.karlsruhe.de|7100c220-1e87-4bcd-9f1c-442f3135fa61";"Immobilienmarkt";"Immobilienmarkt";"7100c220-1e87-4bcd-9f1c-442f3135fa61";"transparenz.karlsruhe.de"
"transparenz.karlsruhe.de|712bbba0-b6e2-4554-bac5-6c27ecb58435";"Ämter";"Ämter";"712bbba0-b6e2-4554-bac5-6c27ecb58435";"transparenz.karlsruhe.de"
"transparenz.karlsruhe.de|71c6a9e8-a5b7-4524-a9a0-ae7fc6a291e1";"Natur";"Natur";"71c6a9e8-a5b7-4524-a9a0-ae7fc6a291e1";"transparenz.karlsruhe.de"
"transparenz.karlsruhe.de|741f93bc-48bc-4944-b6a4-ff46f564c354";"gebäudetyp";"gebäudetyp";"741f93bc-48bc-4944-b6a4-ff46f564c354";"transparenz.karlsruhe.de"
"transparenz.karlsruhe.de|7503c971-d97a-4d3c-9d33-50226b5e79b6";"Fahrrad";"Fahrrad";"7503c971-d97a-4d3c-9d33-50226b5e79b6";"transparenz.karlsruhe.de"
"transparenz.karlsruhe.de|755e72ce-1dde-4eec-bae2-f32449b297cb";"Mieten";"Mieten";"755e72ce-1dde-4eec-bae2-f32449b297cb";"transparenz.karlsruhe.de"
"transparenz.karlsruhe.de|75e446ab-62cd-4b37-9732-74135521c177";"mobilität";"mobilität";"75e446ab-62cd-4b37-9732-74135521c177";"transparenz.karlsruhe.de"
"transparenz.karlsruhe.de|76258ff5-8f00-499e-aaac-36f773d434bd";"Energiebilanz";"Energiebilanz";"76258ff5-8f00-499e-aaac-36f773d434bd";"transparenz.karlsruhe.de"
"transparenz.karlsruhe.de|7670a1d5-24fc-416a-b9d1-e3b7afa3efce";"infrastruktur";"infrastruktur";"7670a1d5-24fc-416a-b9d1-e3b7afa3efce";"transparenz.karlsruhe.de"
"transparenz.karlsruhe.de|77e88831-d7c0-40c4-ac21-2827ec966024";"Direktvertrieb";"Direktvertrieb";"77e88831-d7c0-40c4-ac21-2827ec966024";"transparenz.karlsruhe.de"
"transparenz.karlsruhe.de|7853ad82-b9d2-4638-b4d7-6836f7967893";"Bürgerengagement";"Bürgerengagement";"7853ad82-b9d2-4638-b4d7-6836f7967893";"transparenz.karlsruhe.de"
"transparenz.karlsruhe.de|79827ff5-8c6a-4f5b-b940-7c9a2398c2b3";"ausländer";"ausländer";"79827ff5-8c6a-4f5b-b940-7c9a2398c2b3";"transparenz.karlsruhe.de"
"transparenz.karlsruhe.de|7a5d7bad-e995-419b-b5e1-e800912cb8f0";"dienstleistungsbereich";"dienstleistungsbereich";"7a5d7bad-e995-419b-b5e1-e800912cb8f0";"transparenz.karlsruhe.de"
"transparenz.karlsruhe.de|7b01b669-3d2e-4f96-b9b5-6766ef8078b7";"jugendliche";"jugendliche";"7b01b669-3d2e-4f96-b9b5-6766ef8078b7";"transparenz.karlsruhe.de"
"transparenz.karlsruhe.de|7b244542-5cc6-4286-a044-8e24aa55852c";"siedlungsabfälle";"siedlungsabfälle";"7b244542-5cc6-4286-a044-8e24aa55852c";"transparenz.karlsruhe.de"
"transparenz.karlsruhe.de|7b4911ea-c3cf-440d-b869-6707b61107ef";"Umweltkennzahlen";"Umweltkennzahlen";"7b4911ea-c3cf-440d-b869-6707b61107ef";"transparenz.karlsruhe.de"
"transparenz.karlsruhe.de|7bda4948-7340-4aab-be56-20d206707aae";"kinos";"kinos";"7bda4948-7340-4aab-be56-20d206707aae";"transparenz.karlsruhe.de"
"transparenz.karlsruhe.de|7bea551f-b0c6-4a69-a9ac-8d4c1f3ba8f1";"Verkehrsarten";"Verkehrsarten";"7bea551f-b0c6-4a69-a9ac-8d4c1f3ba8f1";"transparenz.karlsruhe.de"
"transparenz.karlsruhe.de|7c4367f8-26a1-43f4-b0ab-a93220862e46";"sicherheit";"sicherheit";"7c4367f8-26a1-43f4-b0ab-a93220862e46";"transparenz.karlsruhe.de"
"transparenz.karlsruhe.de|7ca04a27-74b4-4e56-aaaa-63d8016cf52b";"Bürgerdienste";"Bürgerdienste";"7ca04a27-74b4-4e56-aaaa-63d8016cf52b";"transparenz.karlsruhe.de"
"transparenz.karlsruhe.de|7d005e3a-cf5f-4ad8-b5dd-5f87c83a7547";"anerkennungsverfahren";"anerkennungsverfahren";"7d005e3a-cf5f-4ad8-b5dd-5f87c83a7547";"transparenz.karlsruhe.de"
"transparenz.karlsruhe.de|7d755388-1b80-44e1-900d-45dd6cde21f3";"gymnasium";"gymnasium";"7d755388-1b80-44e1-900d-45dd6cde21f3";"transparenz.karlsruhe.de"
"transparenz.karlsruhe.de|7f52d4ab-6836-455d-bb21-1c9cea80c836";"zuzüge";"zuzüge";"7f52d4ab-6836-455d-bb21-1c9cea80c836";"transparenz.karlsruhe.de"
"transparenz.karlsruhe.de|801ae692-e775-4c9c-9481-b1d8f4b56475";"Befragung";"Befragung";"801ae692-e775-4c9c-9481-b1d8f4b56475";"transparenz.karlsruhe.de"
"transparenz.karlsruhe.de|808738e7-1718-47f4-82c7-c69306bcc39c";"haushalte-mit-kindern";"haushalte-mit-kindern";"808738e7-1718-47f4-82c7-c69306bcc39c";"transparenz.karlsruhe.de"
"transparenz.karlsruhe.de|8120e0e0-1b5e-4f03-a10e-ce1641b70ccc";"gebäudebestand";"gebäudebestand";"8120e0e0-1b5e-4f03-a10e-ce1641b70ccc";"transparenz.karlsruhe.de"
"transparenz.karlsruhe.de|825374ef-199c-494b-bbd6-7ffd97b81dd6";"Stimmung";"Stimmung";"825374ef-199c-494b-bbd6-7ffd97b81dd6";"transparenz.karlsruhe.de"
"transparenz.karlsruhe.de|83d692c3-1d75-4faa-8c95-6fb75fdcad93";"altenquotient";"altenquotient";"83d692c3-1d75-4faa-8c95-6fb75fdcad93";"transparenz.karlsruhe.de"
"transparenz.karlsruhe.de|8515c5f5-a545-4ed1-bb20-eb59532a62f6";"Wohnen";"Wohnen";"8515c5f5-a545-4ed1-bb20-eb59532a62f6";"transparenz.karlsruhe.de"
"transparenz.karlsruhe.de|853288cb-fcbb-4a63-9da0-4e89daf47a51";"Barrierefrei";"Barrierefrei";"853288cb-fcbb-4a63-9da0-4e89daf47a51";"transparenz.karlsruhe.de"
"transparenz.karlsruhe.de|85b06934-f1a1-4422-9948-7c595f2c5b7b";"finanzen";"finanzen";"85b06934-f1a1-4422-9948-7c595f2c5b7b";"transparenz.karlsruhe.de"
"transparenz.karlsruhe.de|861c3df3-5d01-4761-bac5-710ac95ef2ac";"regionalstatistik";"regionalstatistik";"861c3df3-5d01-4761-bac5-710ac95ef2ac";"transparenz.karlsruhe.de"
"transparenz.karlsruhe.de|8660c22a-eb09-4e15-8bd9-a677d07341e8";"schulen";"schulen";"8660c22a-eb09-4e15-8bd9-a677d07341e8";"transparenz.karlsruhe.de"
"transparenz.karlsruhe.de|86d8d53c-33d9-465d-b003-566ddbfa720e";"wohngebäude";"wohngebäude";"86d8d53c-33d9-465d-b003-566ddbfa720e";"transparenz.karlsruhe.de"
"transparenz.karlsruhe.de|8744d23b-2e68-4788-997f-b37be45d0005";"geringfügig";"geringfügig";"8744d23b-2e68-4788-997f-b37be45d0005";"transparenz.karlsruhe.de"
"transparenz.karlsruhe.de|87781f11-5b15-4ba7-b056-093f5b6e6e6d";"Marktamt";"Marktamt";"87781f11-5b15-4ba7-b056-093f5b6e6e6d";"transparenz.karlsruhe.de"
"transparenz.karlsruhe.de|87da0545-fab6-4197-88c4-3406bb63b72e";"herkunftsländer";"herkunftsländer";"87da0545-fab6-4197-88c4-3406bb63b72e";"transparenz.karlsruhe.de"
"transparenz.karlsruhe.de|882eec70-c49f-4a27-99ae-4bf084b7865a";"Kalender";"Kalender";"882eec70-c49f-4a27-99ae-4bf084b7865a";"transparenz.karlsruhe.de"
"transparenz.karlsruhe.de|899d5635-4261-434a-bf36-6b92d963091d";"evangelische-bevölkerung";"evangelische-bevölkerung";"899d5635-4261-434a-bf36-6b92d963091d";"transparenz.karlsruhe.de"
"transparenz.karlsruhe.de|8aaa2635-ca42-468d-ae21-d47f41a21c52";"baualter";"baualter";"8aaa2635-ca42-468d-ae21-d47f41a21c52";"transparenz.karlsruhe.de"
"transparenz.karlsruhe.de|8b093be4-2f06-4aad-b03d-3f224b10256f";"tourismus";"tourismus";"8b093be4-2f06-4aad-b03d-3f224b10256f";"transparenz.karlsruhe.de"
"transparenz.karlsruhe.de|8d5c7d40-be62-4c70-8672-892cfba5c513";"Sanierungen";"Sanierungen";"8d5c7d40-be62-4c70-8672-892cfba5c513";"transparenz.karlsruhe.de"
"transparenz.karlsruhe.de|8e3f419d-53c3-468a-9332-972ca5a0a628";"Energiebericht";"Energiebericht";"8e3f419d-53c3-468a-9332-972ca5a0a628";"transparenz.karlsruhe.de"
"transparenz.karlsruhe.de|8f4ae5a9-1e06-4cca-bef5-532ad9d97114";"lastenzuschuss";"lastenzuschuss";"8f4ae5a9-1e06-4cca-bef5-532ad9d97114";"transparenz.karlsruhe.de"
"transparenz.karlsruhe.de|909a168f-1f5d-42b6-a1ee-8462550b1926";"Einzelhandel";"Einzelhandel";"909a168f-1f5d-42b6-a1ee-8462550b1926";"transparenz.karlsruhe.de"
"transparenz.karlsruhe.de|91c72af4-045b-4ab8-bce0-5b566bd39f12";"Wetterdaten";"Wetterdaten";"91c72af4-045b-4ab8-bce0-5b566bd39f12";"transparenz.karlsruhe.de"
"transparenz.karlsruhe.de|9223c39d-ee3f-42ae-8f96-8975e0f386ab";"mehrpersonenhaushalte";"mehrpersonenhaushalte";"9223c39d-ee3f-42ae-8f96-8975e0f386ab";"transparenz.karlsruhe.de"
"transparenz.karlsruhe.de|922a56b3-c94f-471b-abe0-22a8327d02a0";"Pendler";"Pendler";"922a56b3-c94f-471b-abe0-22a8327d02a0";"transparenz.karlsruhe.de"
"transparenz.karlsruhe.de|93882cf4-042e-4dc3-a21a-2a777f4d54fa";"Haushaltsplan";"Haushaltsplan";"93882cf4-042e-4dc3-a21a-2a777f4d54fa";"transparenz.karlsruhe.de"
"transparenz.karlsruhe.de|93af085e-6b43-46d5-974a-40031bf5c8e7";"wohngeldhaushalte";"wohngeldhaushalte";"93af085e-6b43-46d5-974a-40031bf5c8e7";"transparenz.karlsruhe.de"
"transparenz.karlsruhe.de|944d9ab2-71cf-4eec-8d9d-e05569f1807d";"ortschaftsrat";"ortschaftsrat";"944d9ab2-71cf-4eec-8d9d-e05569f1807d";"transparenz.karlsruhe.de"
"transparenz.karlsruhe.de|94c276a0-73b3-4121-85c9-8c6c3fd71cf2";"Mieter";"Mieter";"94c276a0-73b3-4121-85c9-8c6c3fd71cf2";"transparenz.karlsruhe.de"
"transparenz.karlsruhe.de|96b8c8b4-abe2-486a-a904-40222fc34e25";"jugendquotient";"jugendquotient";"96b8c8b4-abe2-486a-a904-40222fc34e25";"transparenz.karlsruhe.de"
"transparenz.karlsruhe.de|96baeff6-7ad8-478e-a7fc-7a9ee6144f88";"frauen";"frauen";"96baeff6-7ad8-478e-a7fc-7a9ee6144f88";"transparenz.karlsruhe.de"
"transparenz.karlsruhe.de|97fbcb0b-cc33-444e-87c2-cac41720fcd1";"Serviceangebot";"Serviceangebot";"97fbcb0b-cc33-444e-87c2-cac41720fcd1";"transparenz.karlsruhe.de"
"transparenz.karlsruhe.de|98993c7c-290a-476b-b851-4d222970798e";"lärm";"lärm";"98993c7c-290a-476b-b851-4d222970798e";"transparenz.karlsruhe.de"
"transparenz.karlsruhe.de|98b8c5f3-7e8a-4cf0-b938-9f8802157be3";"schülerinnen";"schülerinnen";"98b8c5f3-7e8a-4cf0-b938-9f8802157be3";"transparenz.karlsruhe.de"
"transparenz.karlsruhe.de|98ed551c-b49a-4313-8032-2136e00d7697";"gebäude";"gebäude";"98ed551c-b49a-4313-8032-2136e00d7697";"transparenz.karlsruhe.de"
"transparenz.karlsruhe.de|99454a7a-7092-4307-8951-bdd3695b5b26";"Verkehrsüberwachung";"Verkehrsüberwachung";"99454a7a-7092-4307-8951-bdd3695b5b26";"transparenz.karlsruhe.de"
"transparenz.karlsruhe.de|99da30b5-860a-40ee-99ed-13693587fecf";"Mobilitätsdaten";"Mobilitätsdaten";"99da30b5-860a-40ee-99ed-13693587fecf";"transparenz.karlsruhe.de"
"transparenz.karlsruhe.de|99ebd99f-6bc6-4876-9fe4-5632ade967f4";"jahresbericht";"jahresbericht";"99ebd99f-6bc6-4876-9fe4-5632ade967f4";"transparenz.karlsruhe.de"
"transparenz.karlsruhe.de|9a304bf8-5133-4249-b043-3537b9a37525";"gestorbene";"gestorbene";"9a304bf8-5133-4249-b043-3537b9a37525";"transparenz.karlsruhe.de"
"transparenz.karlsruhe.de|9b62b29b-c46f-4712-b3b2-9e13f8a7f3cb";"Klimawandel";"Klimawandel";"9b62b29b-c46f-4712-b3b2-9e13f8a7f3cb";"transparenz.karlsruhe.de"
"transparenz.karlsruhe.de|9c1c91ef-6885-4f86-9451-774763c328ed";"gemeinderat";"gemeinderat";"9c1c91ef-6885-4f86-9451-774763c328ed";"transparenz.karlsruhe.de"
"transparenz.karlsruhe.de|9cf87916-cfe0-453e-aa43-8e3ad4346f03";"lebensmittelbetriebe";"lebensmittelbetriebe";"9cf87916-cfe0-453e-aa43-8e3ad4346f03";"transparenz.karlsruhe.de"
"transparenz.karlsruhe.de|9d8c7c2e-7ce2-4269-88b0-15f7be4c1054";"ankünfte";"ankünfte";"9d8c7c2e-7ce2-4269-88b0-15f7be4c1054";"transparenz.karlsruhe.de"
"transparenz.karlsruhe.de|9e3f3fa0-feb9-49ee-9a16-8b3fbadd3b6b";"sozialleistungen";"sozialleistungen";"9e3f3fa0-feb9-49ee-9a16-8b3fbadd3b6b";"transparenz.karlsruhe.de"
"transparenz.karlsruhe.de|9f24bd5e-e231-4162-ae53-20aae3e7c572";"wegzüge";"wegzüge";"9f24bd5e-e231-4162-ae53-20aae3e7c572";"transparenz.karlsruhe.de"
"transparenz.karlsruhe.de|9f63316f-c603-481e-9723-361198bc88c0";"Wochenmärkte";"Wochenmärkte";"9f63316f-c603-481e-9723-361198bc88c0";"transparenz.karlsruhe.de"
"transparenz.karlsruhe.de|a06c7873-20b7-48d9-9e3a-edb6801f915a";"nichtwohngebäude";"nichtwohngebäude";"a06c7873-20b7-48d9-9e3a-edb6801f915a";"transparenz.karlsruhe.de"
"transparenz.karlsruhe.de|a16b1b0d-1232-4cdc-84f8-14e5c66b733b";"Lebensqualität";"Lebensqualität";"a16b1b0d-1232-4cdc-84f8-14e5c66b733b";"transparenz.karlsruhe.de"
"transparenz.karlsruhe.de|a2481a4d-5e92-4605-a68b-1808e723ee5e";"bibliotheken";"bibliotheken";"a2481a4d-5e92-4605-a68b-1808e723ee5e";"transparenz.karlsruhe.de"
"transparenz.karlsruhe.de|a366d49c-3acb-4078-8fe8-720539338844";"Kulturangebot";"Kulturangebot";"a366d49c-3acb-4078-8fe8-720539338844";"transparenz.karlsruhe.de"
"transparenz.karlsruhe.de|a4214924-148f-44c1-ab96-9ff7367f9808";"entsorgung";"entsorgung";"a4214924-148f-44c1-ab96-9ff7367f9808";"transparenz.karlsruhe.de"
"transparenz.karlsruhe.de|a4a93979-4829-4e4a-952e-f2fb82ef7527";"beherbergungsbetrieb";"beherbergungsbetrieb";"a4a93979-4829-4e4a-952e-f2fb82ef7527";"transparenz.karlsruhe.de"
"transparenz.karlsruhe.de|a53b425e-e211-4623-b61e-1b8efd9a2a34";"Mobil";"Mobil";"a53b425e-e211-4623-b61e-1b8efd9a2a34";"transparenz.karlsruhe.de"
"transparenz.karlsruhe.de|a5d5f3be-0c49-41de-8883-e46ee79647c0";"hauptschule";"hauptschule";"a5d5f3be-0c49-41de-8883-e46ee79647c0";"transparenz.karlsruhe.de"
"transparenz.karlsruhe.de|a8012410-6387-4e17-a80a-8f2f3ec0865e";"nachhaltigkeit";"nachhaltigkeit";"a8012410-6387-4e17-a80a-8f2f3ec0865e";"transparenz.karlsruhe.de"
"transparenz.karlsruhe.de|a8726d84-7dcb-406f-8aeb-286b82728650";"Abteilung";"Abteilung";"a8726d84-7dcb-406f-8aeb-286b82728650";"transparenz.karlsruhe.de"
"transparenz.karlsruhe.de|a8cc49dc-87e5-4f1a-b7e5-331d804471dd";"pflegequote";"pflegequote";"a8cc49dc-87e5-4f1a-b7e5-331d804471dd";"transparenz.karlsruhe.de"
"transparenz.karlsruhe.de|a943e0cf-44cd-45e3-964a-1906bda479d0";"öpnv";"öpnv";"a943e0cf-44cd-45e3-964a-1906bda479d0";"transparenz.karlsruhe.de"
"transparenz.karlsruhe.de|a9465706-40cd-494c-bf3d-dd7426ab8ba6";"1-und-2-familienhäuser";"1-und-2-familienhäuser";"a9465706-40cd-494c-bf3d-dd7426ab8ba6";"transparenz.karlsruhe.de"
"transparenz.karlsruhe.de|a9998c5f-3674-4a93-bb15-212629974167";"wohnen";"wohnen";"a9998c5f-3674-4a93-bb15-212629974167";"transparenz.karlsruhe.de"
"transparenz.karlsruhe.de|aa318085-ac6a-4efb-bffa-cda655345a77";"Preisindex";"Preisindex";"aa318085-ac6a-4efb-bffa-cda655345a77";"transparenz.karlsruhe.de"
"transparenz.karlsruhe.de|aa7d3d2d-5851-4c4f-b481-b0a7cf307da9";"Schadstoffimissionen";"Schadstoffimissionen";"aa7d3d2d-5851-4c4f-b481-b0a7cf307da9";"transparenz.karlsruhe.de"
"transparenz.karlsruhe.de|aab45d48-7205-45aa-bb90-aff6c7848d2f";"Baumkataster";"Baumkataster";"aab45d48-7205-45aa-bb90-aff6c7848d2f";"transparenz.karlsruhe.de"
"transparenz.karlsruhe.de|ab4115a8-47b4-4e79-8402-413defff10af";"Märkte";"Märkte";"ab4115a8-47b4-4e79-8402-413defff10af";"transparenz.karlsruhe.de"
"transparenz.karlsruhe.de|add1b46c-f7dc-45e5-8ff2-1fad873d1551";"Vergleichsmiete";"Vergleichsmiete";"add1b46c-f7dc-45e5-8ff2-1fad873d1551";"transparenz.karlsruhe.de"
"transparenz.karlsruhe.de|ae4d65e9-5f42-46f4-9cf3-d5d8b57c85d4";"öffentliche-schule";"öffentliche-schule";"ae4d65e9-5f42-46f4-9cf3-d5d8b57c85d4";"transparenz.karlsruhe.de"
"transparenz.karlsruhe.de|af19421b-2f1b-431f-8b71-bd560cf3ecf5";"erwerbstätigkeit";"erwerbstätigkeit";"af19421b-2f1b-431f-8b71-bd560cf3ecf5";"transparenz.karlsruhe.de"
"transparenz.karlsruhe.de|b09f0436-0881-40f9-ae2a-31feacd314c5";"Lebensmittelkontrolle";"Lebensmittelkontrolle";"b09f0436-0881-40f9-ae2a-31feacd314c5";"transparenz.karlsruhe.de"
"transparenz.karlsruhe.de|b0a05248-88fa-4dfb-bcc7-a95e748bbb3a";"wahlen";"wahlen";"b0a05248-88fa-4dfb-bcc7-a95e748bbb3a";"transparenz.karlsruhe.de"
"transparenz.karlsruhe.de|b0d33cca-8809-4ce9-8c3a-d23bc8c1fb22";"wanderungsgewinn";"wanderungsgewinn";"b0d33cca-8809-4ce9-8c3a-d23bc8c1fb22";"transparenz.karlsruhe.de"
"transparenz.karlsruhe.de|b19f5a04-f85a-43c1-9a94-31c865d0f94a";"landtagswahl";"landtagswahl";"b19f5a04-f85a-43c1-9a94-31c865d0f94a";"transparenz.karlsruhe.de"
"transparenz.karlsruhe.de|b1b9c73f-dd55-45bd-95c2-26c500ae4b82";"realschule";"realschule";"b1b9c73f-dd55-45bd-95c2-26c500ae4b82";"transparenz.karlsruhe.de"
"transparenz.karlsruhe.de|b4b030a3-2247-4fbe-a29f-344035d72ada";"Tempolimits";"Tempolimits";"b4b030a3-2247-4fbe-a29f-344035d72ada";"transparenz.karlsruhe.de"
"transparenz.karlsruhe.de|b53f26f4-70ab-4228-89e4-9971130e3fa5";"Mobilitätsverhalten";"Mobilitätsverhalten";"b53f26f4-70ab-4228-89e4-9971130e3fa5";"transparenz.karlsruhe.de"
"transparenz.karlsruhe.de|b7ac86fe-41d8-4d8b-8172-8fa38bec4249";"Klima";"Klima";"b7ac86fe-41d8-4d8b-8172-8fa38bec4249";"transparenz.karlsruhe.de"
"transparenz.karlsruhe.de|b7c86cac-ce2e-4315-95f0-a47865eb0f76";"gesundheitswesen";"gesundheitswesen";"b7c86cac-ce2e-4315-95f0-a47865eb0f76";"transparenz.karlsruhe.de"
"transparenz.karlsruhe.de|b7caa95d-ff98-4b89-9196-000f874ae3ea";"Barrierefreiheit";"Barrierefreiheit";"b7caa95d-ff98-4b89-9196-000f874ae3ea";"transparenz.karlsruhe.de"
"transparenz.karlsruhe.de|b7e37144-59d5-4658-8119-e39bdae14c10";"haushaltsplan";"haushaltsplan";"b7e37144-59d5-4658-8119-e39bdae14c10";"transparenz.karlsruhe.de"
"transparenz.karlsruhe.de|b8b444e4-e1e4-4066-ba8c-8b4190868186";"wohngebäudebestand";"wohngebäudebestand";"b8b444e4-e1e4-4066-ba8c-8b4190868186";"transparenz.karlsruhe.de"
"transparenz.karlsruhe.de|b9117f4e-ce95-4b91-9e54-0aee0aece383";"Direktvermarktung";"Direktvermarktung";"b9117f4e-ce95-4b91-9e54-0aee0aece383";"transparenz.karlsruhe.de"
"transparenz.karlsruhe.de|b92ae252-8f3b-48c9-8f97-4cf1bc4dcd29";"Infrastruktur";"Infrastruktur";"b92ae252-8f3b-48c9-8f97-4cf1bc4dcd29";"transparenz.karlsruhe.de"
"transparenz.karlsruhe.de|b95c5a3d-1812-4ff2-999f-6e9b0b75a076";"Hygienesiegel";"Hygienesiegel";"b95c5a3d-1812-4ff2-999f-6e9b0b75a076";"transparenz.karlsruhe.de"
"transparenz.karlsruhe.de|b97dd971-da22-4e62-b8cc-a11fba4e9430";"erwerbsfähige";"erwerbsfähige";"b97dd971-da22-4e62-b8cc-a11fba4e9430";"transparenz.karlsruhe.de"
"transparenz.karlsruhe.de|ba12ec5f-7648-489c-b4cc-0d26f0822645";"Bürgerbeteiligung";"Bürgerbeteiligung";"ba12ec5f-7648-489c-b4cc-0d26f0822645";"transparenz.karlsruhe.de"
"transparenz.karlsruhe.de|ba2b6e45-9bde-4452-9d2a-93a480007eda";"Baumkarte";"Baumkarte";"ba2b6e45-9bde-4452-9d2a-93a480007eda";"transparenz.karlsruhe.de"
"transparenz.karlsruhe.de|ba650d6c-1b3b-4c57-b09c-f92736ee5a18";"fahrplan";"fahrplan";"ba650d6c-1b3b-4c57-b09c-f92736ee5a18";"transparenz.karlsruhe.de"
"transparenz.karlsruhe.de|baa6b606-f988-4b52-a247-0fdd00641bc0";"beheizungsart";"beheizungsart";"baa6b606-f988-4b52-a247-0fdd00641bc0";"transparenz.karlsruhe.de"
"transparenz.karlsruhe.de|bacb85f3-36a6-43e2-8005-4abbdcfc5968";"wohnberechtigte-bevölkerung";"wohnberechtigte-bevölkerung";"bacb85f3-36a6-43e2-8005-4abbdcfc5968";"transparenz.karlsruhe.de"
"transparenz.karlsruhe.de|baf08a08-24b0-4c1f-9d28-e04a650ef593";"Sachgebiet";"Sachgebiet";"baf08a08-24b0-4c1f-9d28-e04a650ef593";"transparenz.karlsruhe.de"
"transparenz.karlsruhe.de|bb95e94a-2430-4696-940f-377fb7dd03bd";"abgängerinnen";"abgängerinnen";"bb95e94a-2430-4696-940f-377fb7dd03bd";"transparenz.karlsruhe.de"
"transparenz.karlsruhe.de|bbbdcd15-fa6f-434a-95b8-6b74706b1d65";"energie";"energie";"bbbdcd15-fa6f-434a-95b8-6b74706b1d65";"transparenz.karlsruhe.de"
"transparenz.karlsruhe.de|bc079a70-2998-4b2e-b72e-df6f77bc0301";"übergangsquote";"übergangsquote";"bc079a70-2998-4b2e-b72e-df6f77bc0301";"transparenz.karlsruhe.de"
"transparenz.karlsruhe.de|bc0f4d0f-1268-4a37-bea2-dec81e447a2b";"geschlecht";"geschlecht";"bc0f4d0f-1268-4a37-bea2-dec81e447a2b";"transparenz.karlsruhe.de"
"transparenz.karlsruhe.de|bcd149aa-1f78-4616-80b1-5d4185d174d8";"migrationshintergrund";"migrationshintergrund";"bcd149aa-1f78-4616-80b1-5d4185d174d8";"transparenz.karlsruhe.de"
"transparenz.karlsruhe.de|be12fdfb-61bf-43e6-ab91-f52afa62c97e";"räume";"räume";"be12fdfb-61bf-43e6-ab91-f52afa62c97e";"transparenz.karlsruhe.de"
"transparenz.karlsruhe.de|be24a4b7-624d-4543-956e-134cd561f0b0";"betreuungsplatz";"betreuungsplatz";"be24a4b7-624d-4543-956e-134cd561f0b0";"transparenz.karlsruhe.de"
"transparenz.karlsruhe.de|c049ee3b-8c5a-4dda-abf9-a18498c6d9cf";"Freizeitgestaltung";"Freizeitgestaltung";"c049ee3b-8c5a-4dda-abf9-a18498c6d9cf";"transparenz.karlsruhe.de"
"transparenz.karlsruhe.de|c1652ceb-cc84-43f1-b77b-bcd343a2e255";"religionszugehörigkeit";"religionszugehörigkeit";"c1652ceb-cc84-43f1-b77b-bcd343a2e255";"transparenz.karlsruhe.de"
"transparenz.karlsruhe.de|c17aed40-c022-43f4-a0cc-147c20cc7650";"bauüberhang";"bauüberhang";"c17aed40-c022-43f4-a0cc-147c20cc7650";"transparenz.karlsruhe.de"
"transparenz.karlsruhe.de|c1b68714-9a92-482b-b381-946894768b4f";"minijobs";"minijobs";"c1b68714-9a92-482b-b381-946894768b4f";"transparenz.karlsruhe.de"
"transparenz.karlsruhe.de|c212b1b4-c46e-4019-be97-7eff8f6d3089";"wirtschaft";"wirtschaft";"c212b1b4-c46e-4019-be97-7eff8f6d3089";"transparenz.karlsruhe.de"
"transparenz.karlsruhe.de|c2195312-0428-4843-a716-2352efe29716";"zensus";"zensus";"c2195312-0428-4843-a716-2352efe29716";"transparenz.karlsruhe.de"
"transparenz.karlsruhe.de|c2715703-d029-478f-a67d-c76313357eb5";"wohngeldanspruch";"wohngeldanspruch";"c2715703-d029-478f-a67d-c76313357eb5";"transparenz.karlsruhe.de"
"transparenz.karlsruhe.de|c5c021bf-70fb-409f-863c-af9d867f8fdf";"Jugenschutz";"Jugenschutz";"c5c021bf-70fb-409f-863c-af9d867f8fdf";"transparenz.karlsruhe.de"
"transparenz.karlsruhe.de|c63a2a80-5cf1-43c1-af84-95ebca671137";"Umwelt";"Umwelt";"c63a2a80-5cf1-43c1-af84-95ebca671137";"transparenz.karlsruhe.de"
"transparenz.karlsruhe.de|c658ea23-6a49-4edd-b342-4b3c6a32b60f";"europawahl";"europawahl";"c658ea23-6a49-4edd-b342-4b3c6a32b60f";"transparenz.karlsruhe.de"
"transparenz.karlsruhe.de|c6602596-ee16-438b-ad5a-fb245acd0fda";"carsharing";"carsharing";"c6602596-ee16-438b-ad5a-fb245acd0fda";"transparenz.karlsruhe.de"
"transparenz.karlsruhe.de|c6949e8f-0026-4bef-8975-fd034ce52be6";"wanderungsvolumen";"wanderungsvolumen";"c6949e8f-0026-4bef-8975-fd034ce52be6";"transparenz.karlsruhe.de"
"transparenz.karlsruhe.de|c6b33e7f-ee8d-4b9f-96d9-f85488fa17a2";"grundschule";"grundschule";"c6b33e7f-ee8d-4b9f-96d9-f85488fa17a2";"transparenz.karlsruhe.de"
"transparenz.karlsruhe.de|c75f72bb-d947-422e-999a-84493bad012e";"Stadtentwicklungskonzept";"Stadtentwicklungskonzept";"c75f72bb-d947-422e-999a-84493bad012e";"transparenz.karlsruhe.de"
"transparenz.karlsruhe.de|c80afff4-4b6f-442b-b806-88d645083dfb";"Kriminalität";"Kriminalität";"c80afff4-4b6f-442b-b806-88d645083dfb";"transparenz.karlsruhe.de"
"transparenz.karlsruhe.de|c866f784-d10e-4e0d-a882-2b9f7964a5be";"baugenehmigung";"baugenehmigung";"c866f784-d10e-4e0d-a882-2b9f7964a5be";"transparenz.karlsruhe.de"
"transparenz.karlsruhe.de|c912a422-ea68-4d7e-93a3-1ae305d22a01";"kinderspielplatz";"kinderspielplatz";"c912a422-ea68-4d7e-93a3-1ae305d22a01";"transparenz.karlsruhe.de"
"transparenz.karlsruhe.de|c94dc71a-66b5-4189-9b51-ee3160edb83b";"alleinerziehende";"alleinerziehende";"c94dc71a-66b5-4189-9b51-ee3160edb83b";"transparenz.karlsruhe.de"
"transparenz.karlsruhe.de|c99cdff8-3270-4030-b3d1-1242ef018050";"förderschule";"förderschule";"c99cdff8-3270-4030-b3d1-1242ef018050";"transparenz.karlsruhe.de"
"transparenz.karlsruhe.de|cb256291-e5e6-4783-9042-1699d1601bf4";"jugendamt";"jugendamt";"cb256291-e5e6-4783-9042-1699d1601bf4";"transparenz.karlsruhe.de"
"transparenz.karlsruhe.de|cc049ed1-11a7-42ee-a9b7-9652c76c7034";"Sicherheitsumfrage";"Sicherheitsumfrage";"cc049ed1-11a7-42ee-a9b7-9652c76c7034";"transparenz.karlsruhe.de"
"transparenz.karlsruhe.de|cc7d045e-a459-4b75-9845-afdd84678300";"Baumdaten";"Baumdaten";"cc7d045e-a459-4b75-9845-afdd84678300";"transparenz.karlsruhe.de"
"transparenz.karlsruhe.de|ccf07035-acb2-47fa-a710-82653b160538";"grundsicherung";"grundsicherung";"ccf07035-acb2-47fa-a710-82653b160538";"transparenz.karlsruhe.de"
"transparenz.karlsruhe.de|cddd3ed2-fb6b-423c-9ff9-16feada4158e";"bevölkerungsstruktur";"bevölkerungsstruktur";"cddd3ed2-fb6b-423c-9ff9-16feada4158e";"transparenz.karlsruhe.de"
"transparenz.karlsruhe.de|ce0a329b-2b21-4092-8660-b007157f6942";"Mobilitätsportal";"Mobilitätsportal";"ce0a329b-2b21-4092-8660-b007157f6942";"transparenz.karlsruhe.de"
"transparenz.karlsruhe.de|cfff92b6-01c5-4578-954a-5b0ee6494aea";"haushaltstyp";"haushaltstyp";"cfff92b6-01c5-4578-954a-5b0ee6494aea";"transparenz.karlsruhe.de"
"transparenz.karlsruhe.de|d0f1e46d-7e9e-498d-8584-b53b9762fd08";"Verkehrsplanung";"Verkehrsplanung";"d0f1e46d-7e9e-498d-8584-b53b9762fd08";"transparenz.karlsruhe.de"
"transparenz.karlsruhe.de|d14db02f-62c5-42ec-8c9b-26509a0547f7";"Verkehr";"Verkehr";"d14db02f-62c5-42ec-8c9b-26509a0547f7";"transparenz.karlsruhe.de"
"transparenz.karlsruhe.de|d270598b-16d8-464a-8e77-812339b9069d";"ärzte";"ärzte";"d270598b-16d8-464a-8e77-812339b9069d";"transparenz.karlsruhe.de"
"transparenz.karlsruhe.de|d2ad37f8-be32-4e33-9ec7-66d46d4f49e5";"Organisation";"Organisation";"d2ad37f8-be32-4e33-9ec7-66d46d4f49e5";"transparenz.karlsruhe.de"
"transparenz.karlsruhe.de|d2e9687e-b3df-4e94-8ab3-8ca77916f6e5";"pflegestufe";"pflegestufe";"d2e9687e-b3df-4e94-8ab3-8ca77916f6e5";"transparenz.karlsruhe.de"
"transparenz.karlsruhe.de|d2ee4820-5e7d-4880-9c79-9c2868056762";"farmshop";"farmshop";"d2ee4820-5e7d-4880-9c79-9c2868056762";"transparenz.karlsruhe.de"
"transparenz.karlsruhe.de|d43e0b3a-4b7e-4828-9e9f-e34b089b95a7";"Mietspiegel";"Mietspiegel";"d43e0b3a-4b7e-4828-9e9f-e34b089b95a7";"transparenz.karlsruhe.de"
"transparenz.karlsruhe.de|d6bd2a16-3e43-4955-8f2f-e6f6261185a3";"baumaßnahmen";"baumaßnahmen";"d6bd2a16-3e43-4955-8f2f-e6f6261185a3";"transparenz.karlsruhe.de"
"transparenz.karlsruhe.de|d6bf7f3f-f973-4b26-8b67-1f6d1fef31f3";"gäste";"gäste";"d6bf7f3f-f973-4b26-8b67-1f6d1fef31f3";"transparenz.karlsruhe.de"
"transparenz.karlsruhe.de|d6eb97ca-58d8-4cd6-a270-f0122e6959fd";"männer";"männer";"d6eb97ca-58d8-4cd6-a270-f0122e6959fd";"transparenz.karlsruhe.de"
"transparenz.karlsruhe.de|d6fdc0b3-e24f-4f9c-9d0c-f7ed09de1f29";"arbeitslose";"arbeitslose";"d6fdc0b3-e24f-4f9c-9d0c-f7ed09de1f29";"transparenz.karlsruhe.de"
"transparenz.karlsruhe.de|d7617794-5c3d-480c-b61a-756b5666817d";"Unfallbilanz";"Unfallbilanz";"d7617794-5c3d-480c-b61a-756b5666817d";"transparenz.karlsruhe.de"
"transparenz.karlsruhe.de|d939dd9c-c06a-4c82-a569-017c1fc5698a";"Treibhausgasbilanz";"Treibhausgasbilanz";"d939dd9c-c06a-4c82-a569-017c1fc5698a";"transparenz.karlsruhe.de"
"transparenz.karlsruhe.de|dbb3be1f-e988-40c8-a3f1-431f29843f26";"bürgerverein";"bürgerverein";"dbb3be1f-e988-40c8-a3f1-431f29843f26";"transparenz.karlsruhe.de"
"transparenz.karlsruhe.de|dc0cdb62-8b69-43a7-b6b8-177db1a80860";"grad-der-behinderung";"grad-der-behinderung";"dc0cdb62-8b69-43a7-b6b8-177db1a80860";"transparenz.karlsruhe.de"
"transparenz.karlsruhe.de|dd0c9c79-b585-4bdd-9a1e-6f74fd4bd31c";"stromverbrauch";"stromverbrauch";"dd0c9c79-b585-4bdd-9a1e-6f74fd4bd31c";"transparenz.karlsruhe.de"
"transparenz.karlsruhe.de|dfffa9e7-f7ee-4070-8285-e391b53c3719";"minderjährige";"minderjährige";"dfffa9e7-f7ee-4070-8285-e391b53c3719";"transparenz.karlsruhe.de"
"transparenz.karlsruhe.de|e00adb40-9d9f-491e-b429-3f7f1ed2adc2";"naturschutz";"naturschutz";"e00adb40-9d9f-491e-b429-3f7f1ed2adc2";"transparenz.karlsruhe.de"
"transparenz.karlsruhe.de|e0a68652-fcca-4511-a707-9ef283a8b212";"Radverkehr";"Radverkehr";"e0a68652-fcca-4511-a707-9ef283a8b212";"transparenz.karlsruhe.de"
"transparenz.karlsruhe.de|e2169de2-8fdd-41cc-94cd-d01b7c7f540f";"wohnungsgröße";"wohnungsgröße";"e2169de2-8fdd-41cc-94cd-d01b7c7f540f";"transparenz.karlsruhe.de"
"transparenz.karlsruhe.de|e3287a6e-741b-42f5-bcc7-2bc27558b1be";"Radnetz";"Radnetz";"e3287a6e-741b-42f5-bcc7-2bc27558b1be";"transparenz.karlsruhe.de"
"transparenz.karlsruhe.de|e397e0e0-0f7d-4e41-813d-ba48fee05b9e";"erwerbstätige";"erwerbstätige";"e397e0e0-0f7d-4e41-813d-ba48fee05b9e";"transparenz.karlsruhe.de"
"transparenz.karlsruhe.de|e3cadb51-fb1f-456e-af17-38999b701f0c";"Lebensmittelüberwachung";"Lebensmittelüberwachung";"e3cadb51-fb1f-456e-af17-38999b701f0c";"transparenz.karlsruhe.de"
"transparenz.karlsruhe.de|e47115c8-490e-4c16-a59b-9b5ad27b1a95";"wohnungen";"wohnungen";"e47115c8-490e-4c16-a59b-9b5ad27b1a95";"transparenz.karlsruhe.de"
"transparenz.karlsruhe.de|e524331a-04dc-441d-b9cf-cd1223c9966e";"betreuungsquote";"betreuungsquote";"e524331a-04dc-441d-b9cf-cd1223c9966e";"transparenz.karlsruhe.de"
"transparenz.karlsruhe.de|e55c1475-993c-4b29-b8bc-06fccdc3a23e";"Veranstaltungen";"Veranstaltungen";"e55c1475-993c-4b29-b8bc-06fccdc3a23e";"transparenz.karlsruhe.de"
"transparenz.karlsruhe.de|e6819a2d-ecce-47a0-83da-7bf3560c74c0";"sozialhilfe";"sozialhilfe";"e6819a2d-ecce-47a0-83da-7bf3560c74c0";"transparenz.karlsruhe.de"
"transparenz.karlsruhe.de|e989702d-b21f-4df4-ac8c-ea2cfcda0128";"Mobilität";"Mobilität";"e989702d-b21f-4df4-ac8c-ea2cfcda0128";"transparenz.karlsruhe.de"
"transparenz.karlsruhe.de|ea1af68c-6657-422e-b739-b5c05e9eea3d";"berufsabschluss";"berufsabschluss";"ea1af68c-6657-422e-b739-b5c05e9eea3d";"transparenz.karlsruhe.de"
"transparenz.karlsruhe.de|ea47034c-0865-419b-a5e3-3725788e244d";"schwerbehindert";"schwerbehindert";"ea47034c-0865-419b-a5e3-3725788e244d";"transparenz.karlsruhe.de"
"transparenz.karlsruhe.de|eb2d5640-8408-404f-aac0-e4f84a0d51ca";"Image";"Image";"eb2d5640-8408-404f-aac0-e4f84a0d51ca";"transparenz.karlsruhe.de"
"transparenz.karlsruhe.de|eb4999b4-a9e3-4684-aa0d-ddef306a5de4";"Kultur";"Kultur";"eb4999b4-a9e3-4684-aa0d-ddef306a5de4";"transparenz.karlsruhe.de"
"transparenz.karlsruhe.de|eb5cbe9d-8890-499c-90ae-7a1de394bbd9";"mehrpersonenhaushalt";"mehrpersonenhaushalt";"eb5cbe9d-8890-499c-90ae-7a1de394bbd9";"transparenz.karlsruhe.de"
"transparenz.karlsruhe.de|eb882337-03af-401b-9e43-79da263685b1";"klima";"klima";"eb882337-03af-401b-9e43-79da263685b1";"transparenz.karlsruhe.de"
"transparenz.karlsruhe.de|ec0d22be-8eb0-48be-b250-73ce85fbd1a6";"bautätigkeit";"bautätigkeit";"ec0d22be-8eb0-48be-b250-73ce85fbd1a6";"transparenz.karlsruhe.de"
"transparenz.karlsruhe.de|ecfb17be-2631-479a-a275-d41ff02e303c";"wasserverbrauch";"wasserverbrauch";"ecfb17be-2631-479a-a275-d41ff02e303c";"transparenz.karlsruhe.de"
"transparenz.karlsruhe.de|ed048b51-bb3c-47c7-82d0-3131db77f961";"versorgungsinfrastruktur";"versorgungsinfrastruktur";"ed048b51-bb3c-47c7-82d0-3131db77f961";"transparenz.karlsruhe.de"
"transparenz.karlsruhe.de|ed49bfd3-4888-419a-affd-1c19c576e969";"wohnungsbestand";"wohnungsbestand";"ed49bfd3-4888-419a-affd-1c19c576e969";"transparenz.karlsruhe.de"
"transparenz.karlsruhe.de|ed6d0627-f675-43ac-ba7b-4066e0cafba5";"einkommen";"einkommen";"ed6d0627-f675-43ac-ba7b-4066e0cafba5";"transparenz.karlsruhe.de"
"transparenz.karlsruhe.de|edf6dc6d-9b46-4b98-876e-f3dc43e03b0d";"wiederholer";"wiederholer";"edf6dc6d-9b46-4b98-876e-f3dc43e03b0d";"transparenz.karlsruhe.de"
"transparenz.karlsruhe.de|eea0453d-5dcb-4cca-9236-b5b2deef17fa";"übergänge";"übergänge";"eea0453d-5dcb-4cca-9236-b5b2deef17fa";"transparenz.karlsruhe.de"
"transparenz.karlsruhe.de|eea4568e-d340-4380-a787-5de7b0db6fb3";"haushalte";"haushalte";"eea4568e-d340-4380-a787-5de7b0db6fb3";"transparenz.karlsruhe.de"
"transparenz.karlsruhe.de|ef4535ca-361e-4400-a06a-0a4c1324a3ea";"gästezimmer";"gästezimmer";"ef4535ca-361e-4400-a06a-0a4c1324a3ea";"transparenz.karlsruhe.de"
"transparenz.karlsruhe.de|ef6e010a-3508-47d7-9bf1-21ca87e245ad";"eGovernment";"eGovernment";"ef6e010a-3508-47d7-9bf1-21ca87e245ad";"transparenz.karlsruhe.de"
"transparenz.karlsruhe.de|efe291d9-9087-47e5-9a7e-653a0255d239";"verwaltung";"verwaltung";"efe291d9-9087-47e5-9a7e-653a0255d239";"transparenz.karlsruhe.de"
"transparenz.karlsruhe.de|f09f71ea-2662-4c66-8a48-d46a23c5a9b2";"Baumart";"Baumart";"f09f71ea-2662-4c66-8a48-d46a23c5a9b2";"transparenz.karlsruhe.de"
"transparenz.karlsruhe.de|f0a0b4d9-5fd1-40d4-b053-f3b8340cde39";"wohngeld";"wohngeld";"f0a0b4d9-5fd1-40d4-b053-f3b8340cde39";"transparenz.karlsruhe.de"
"transparenz.karlsruhe.de|f26bcdf6-1e06-43ea-9664-78c29be3a9f7";"haushaltestruktur";"haushaltestruktur";"f26bcdf6-1e06-43ea-9664-78c29be3a9f7";"transparenz.karlsruhe.de"
"transparenz.karlsruhe.de|f4d072cb-174b-4369-9234-5ce276f180fd";"markt";"markt";"f4d072cb-174b-4369-9234-5ce276f180fd";"transparenz.karlsruhe.de"
"transparenz.karlsruhe.de|f6691409-7d3d-4eeb-9ac3-d688a3e72302";"pamina";"pamina";"f6691409-7d3d-4eeb-9ac3-d688a3e72302";"transparenz.karlsruhe.de"
"transparenz.karlsruhe.de|f7057753-4769-4dc1-957c-eafeedd1b534";"verkehr";"verkehr";"f7057753-4769-4dc1-957c-eafeedd1b534";"transparenz.karlsruhe.de"
"transparenz.karlsruhe.de|f7ef065d-b016-4ca9-a901-be95a9a71b5b";"einpersonenhaushalt";"einpersonenhaushalt";"f7ef065d-b016-4ca9-a901-be95a9a71b5b";"transparenz.karlsruhe.de"
"transparenz.karlsruhe.de|f8252cc8-d3fe-4e29-91dc-aaae876a7908";"geodaten";"geodaten";"f8252cc8-d3fe-4e29-91dc-aaae876a7908";"transparenz.karlsruhe.de"
"transparenz.karlsruhe.de|f82578f7-937c-4d32-8c41-e4da4bf021e9";"erwerbsstatus";"erwerbsstatus";"f82578f7-937c-4d32-8c41-e4da4bf021e9";"transparenz.karlsruhe.de"
"transparenz.karlsruhe.de|f84467cf-324e-4a2c-a6aa-39fae6d1ed3d";"freizeit";"freizeit";"f84467cf-324e-4a2c-a6aa-39fae6d1ed3d";"transparenz.karlsruhe.de"
"transparenz.karlsruhe.de|f9dc0a29-adc9-4a6d-bdf0-3dfad1ae9e42";"Besucherzahlen";"Besucherzahlen";"f9dc0a29-adc9-4a6d-bdf0-3dfad1ae9e42";"transparenz.karlsruhe.de"
"transparenz.karlsruhe.de|f9df9e28-6bbb-48b6-a94e-49362eca7723";"bevölkerung";"bevölkerung";"f9df9e28-6bbb-48b6-a94e-49362eca7723";"transparenz.karlsruhe.de"
"transparenz.karlsruhe.de|fa0124ab-b662-421a-803f-9e06dbdf8f75";"Freizeit";"Freizeit";"fa0124ab-b662-421a-803f-9e06dbdf8f75";"transparenz.karlsruhe.de"
"transparenz.karlsruhe.de|fc019554-88d9-45ec-8220-027f336e6324";"Sicherheit und Ordnung";"Sicherheit und Ordnung";"fc019554-88d9-45ec-8220-027f336e6324";"transparenz.karlsruhe.de"
"transparenz.karlsruhe.de|fc782ac7-8a80-4e32-86c4-599b3d1394e1";"hochschulen";"hochschulen";"fc782ac7-8a80-4e32-86c4-599b3d1394e1";"transparenz.karlsruhe.de"
"transparenz.karlsruhe.de|fdade641-4b18-4ecb-ad56-74ffb6cb97af";"sozialstruktur";"sozialstruktur";"fdade641-4b18-4ecb-ad56-74ffb6cb97af";"transparenz.karlsruhe.de"
"transparenz.karlsruhe.de|fe948148-e23f-4e36-88d1-d3d8b56b787a";"Arbeitsplatz";"Arbeitsplatz";"fe948148-e23f-4e36-88d1-d3d8b56b787a";"transparenz.karlsruhe.de"
"transparenz.karlsruhe.de|ff9624e4-79d0-44fb-a0c9-d88bdcefd907";"Wirtschaftsförderung";"Wirtschaftsförderung";"ff9624e4-79d0-44fb-a0c9-d88bdcefd907";"transparenz.karlsruhe.de"
"transparenz.karlsruhe.de|ffdc2ac2-493e-48fc-92a1-f501c6b42a5f";"eigentümer";"eigentümer";"ffdc2ac2-493e-48fc-92a1-f501c6b42a5f";"transparenz.karlsruhe.de"
"mannheim.opendatasoft.com|da_2jz6h5|Ausländer";"Ausländer";"Ausländer";"Ausländer";"mannheim.opendatasoft.com"
"mannheim.opendatasoft.com|da_2jz6h5|Bevölkerung";"Bevölkerung";"Bevölkerung";"Bevölkerung";"mannheim.opendatasoft.com"
"mannheim.opendatasoft.com|da_2jz6h5|Bevölkerungsbestand";"Bevölkerungsbestand";"Bevölkerungsbestand";"Bevölkerungsbestand";"mannheim.opendatasoft.com"
"mannheim.opendatasoft.com|da_2jz6h5|Bevölkerungsstruktur";"Bevölkerungsstruktur";"Bevölkerungsstruktur";"Bevölkerungsstruktur";"mannheim.opendatasoft.com"
"mannheim.opendatasoft.com|da_2jz6h5|Einwohner";"Einwohner";"Einwohner";"Einwohner";"mannheim.opendatasoft.com"
"mannheim.opendatasoft.com|da_2jz6h5|Geschlecht";"Geschlecht";"Geschlecht";"Geschlecht";"mannheim.opendatasoft.com"
"mannheim.opendatasoft.com|da_2jz6h5|Hauptwohnung";"Hauptwohnung";"Hauptwohnung";"Hauptwohnung";"mannheim.opendatasoft.com"
"mannheim.opendatasoft.com|da_2jz6h5|Migrationshintergrund";"Migrationshintergrund";"Migrationshintergrund";"Migrationshintergrund";"mannheim.opendatasoft.com"
"mannheim.opendatasoft.com|da_2jz6h5|Staatsangehörigkeit";"Staatsangehörigkeit";"Staatsangehörigkeit";"Staatsangehörigkeit";"mannheim.opendatasoft.com"
"mannheim.opendatasoft.com|da_2jz6h5|weiblich";"weiblich";"weiblich";"weiblich";"mannheim.opendatasoft.com"
"mannheim.opendatasoft.com|da_975hzr|Emissionen";"Emissionen";"Emissionen";"Emissionen";"mannheim.opendatasoft.com"
"mannheim.opendatasoft.com|da_975hzr|Fußgängerzähler";"Fußgängerzähler";"Fußgängerzähler";"Fußgängerzähler";"mannheim.opendatasoft.com"
"mannheim.opendatasoft.com|da_975hzr|Mobilität";"Mobilität";"Mobilität";"Mobilität";"mannheim.opendatasoft.com"
"mannheim.opendatasoft.com|da_975hzr|Radzähler";"Radzähler";"Radzähler";"Radzähler";"mannheim.opendatasoft.com"
"mannheim.opendatasoft.com|da_975hzr|Umwelt";"Umwelt";"Umwelt";"Umwelt";"mannheim.opendatasoft.com"
"mannheim.opendatasoft.com|da_975hzr|Verkehr";"Verkehr";"Verkehr";"Verkehr";"mannheim.opendatasoft.com"
"mannheim.opendatasoft.com|da_a5zbnr|Emissionen";"Emissionen";"Emissionen";"Emissionen";"mannheim.opendatasoft.com"
"mannheim.opendatasoft.com|da_a5zbnr|Fußgängerzähler";"Fußgängerzähler";"Fußgängerzähler";"Fußgängerzähler";"mannheim.opendatasoft.com"
"mannheim.opendatasoft.com|da_a5zbnr|Mobilität";"Mobilität";"Mobilität";"Mobilität";"mannheim.opendatasoft.com"
"mannheim.opendatasoft.com|da_a5zbnr|Radzähler";"Radzähler";"Radzähler";"Radzähler";"mannheim.opendatasoft.com"
"mannheim.opendatasoft.com|da_a5zbnr|Umwelt";"Umwelt";"Umwelt";"Umwelt";"mannheim.opendatasoft.com"
"mannheim.opendatasoft.com|da_a5zbnr|Verkehr";"Verkehr";"Verkehr";"Verkehr";"mannheim.opendatasoft.com"
"mannheim.opendatasoft.com|da_a8mfyk|Emissionen";"Emissionen";"Emissionen";"Emissionen";"mannheim.opendatasoft.com"
"mannheim.opendatasoft.com|da_a8mfyk|Fußgängerzähler";"Fußgängerzähler";"Fußgängerzähler";"Fußgängerzähler";"mannheim.opendatasoft.com"
"mannheim.opendatasoft.com|da_a8mfyk|Mobilität";"Mobilität";"Mobilität";"Mobilität";"mannheim.opendatasoft.com"
"mannheim.opendatasoft.com|da_a8mfyk|Radzähler";"Radzähler";"Radzähler";"Radzähler";"mannheim.opendatasoft.com"
"mannheim.opendatasoft.com|da_a8mfyk|Umwelt";"Umwelt";"Umwelt";"Umwelt";"mannheim.opendatasoft.com"
"mannheim.opendatasoft.com|da_a8mfyk|Verkehr";"Verkehr";"Verkehr";"Verkehr";"mannheim.opendatasoft.com"
"mannheim.opendatasoft.com|da_brgvc1|Benutzungsgebühren";"Benutzungsgebühren";"Benutzungsgebühren";"Benutzungsgebühren";"mannheim.opendatasoft.com"
"mannheim.opendatasoft.com|da_brgvc1|Stadtrecht";"Stadtrecht";"Stadtrecht";"Stadtrecht";"mannheim.opendatasoft.com"
"mannheim.opendatasoft.com|da_brgvc1|Tageseinrichtung für Kinder";"Tageseinrichtung für Kinder";"Tageseinrichtung für Kinder";"Tageseinrichtung für Kinder";"mannheim.opendatasoft.com"
"mannheim.opendatasoft.com|da_e79u2m|Emissionen";"Emissionen";"Emissionen";"Emissionen";"mannheim.opendatasoft.com"
"mannheim.opendatasoft.com|da_e79u2m|Fußgängerzähler";"Fußgängerzähler";"Fußgängerzähler";"Fußgängerzähler";"mannheim.opendatasoft.com"
"mannheim.opendatasoft.com|da_e79u2m|Mobilität";"Mobilität";"Mobilität";"Mobilität";"mannheim.opendatasoft.com"
"mannheim.opendatasoft.com|da_e79u2m|Radzähler";"Radzähler";"Radzähler";"Radzähler";"mannheim.opendatasoft.com"
"mannheim.opendatasoft.com|da_e79u2m|Umwelt";"Umwelt";"Umwelt";"Umwelt";"mannheim.opendatasoft.com"
"mannheim.opendatasoft.com|da_e79u2m|Verkehr";"Verkehr";"Verkehr";"Verkehr";"mannheim.opendatasoft.com"
"mannheim.opendatasoft.com|da_q0tp96|Bikesharing";"Bikesharing";"Bikesharing";"Bikesharing";"mannheim.opendatasoft.com"
"mannheim.opendatasoft.com|da_q0tp96|Fahrrad";"Fahrrad";"Fahrrad";"Fahrrad";"mannheim.opendatasoft.com"
"mannheim.opendatasoft.com|da_q0tp96|Green Mbility";"Green Mbility";"Green Mbility";"Green Mbility";"mannheim.opendatasoft.com"
"mannheim.opendatasoft.com|da_q0tp96|Nextbike";"Nextbike";"Nextbike";"Nextbike";"mannheim.opendatasoft.com"
"mannheim.opendatasoft.com|da_q0tp96|Standorte";"Standorte";"Standorte";"Standorte";"mannheim.opendatasoft.com"
"mannheim.opendatasoft.com|da_q0tp96|VRN";"VRN";"VRN";"VRN";"mannheim.opendatasoft.com"
"mannheim.opendatasoft.com|da_vflvze|Emissionen";"Emissionen";"Emissionen";"Emissionen";"mannheim.opendatasoft.com"
"mannheim.opendatasoft.com|da_vflvze|Fußgängerzähler";"Fußgängerzähler";"Fußgängerzähler";"Fußgängerzähler";"mannheim.opendatasoft.com"
"mannheim.opendatasoft.com|da_vflvze|Mobilität";"Mobilität";"Mobilität";"Mobilität";"mannheim.opendatasoft.com"
"mannheim.opendatasoft.com|da_vflvze|Radzähler";"Radzähler";"Radzähler";"Radzähler";"mannheim.opendatasoft.com"
"mannheim.opendatasoft.com|da_vflvze|Umwelt";"Umwelt";"Umwelt";"Umwelt";"mannheim.opendatasoft.com"
"mannheim.opendatasoft.com|da_vflvze|Verkehr";"Verkehr";"Verkehr";"Verkehr";"mannheim.opendatasoft.com"
"mannheim.opendatasoft.com|da_wkvyj7|Emissionen";"Emissionen";"Emissionen";"Emissionen";"mannheim.opendatasoft.com"
"mannheim.opendatasoft.com|da_wkvyj7|Fußgängerzähler";"Fußgängerzähler";"Fußgängerzähler";"Fußgängerzähler";"mannheim.opendatasoft.com"
"mannheim.opendatasoft.com|da_wkvyj7|Mobilität";"Mobilität";"Mobilität";"Mobilität";"mannheim.opendatasoft.com"
"mannheim.opendatasoft.com|da_wkvyj7|Radzähler";"Radzähler";"Radzähler";"Radzähler";"mannheim.opendatasoft.com"
"mannheim.opendatasoft.com|da_wkvyj7|Umwelt";"Umwelt";"Umwelt";"Umwelt";"mannheim.opendatasoft.com"
"mannheim.opendatasoft.com|da_wkvyj7|Verkehr";"Verkehr";"Verkehr";"Verkehr";"mannheim.opendatasoft.com"
"mannheim.opendatasoft.com|da_x48au9|Gemeinderat";"Gemeinderat";"Gemeinderat";"Gemeinderat";"mannheim.opendatasoft.com"
"mannheim.opendatasoft.com|da_x48au9|Gemeinderatswahlen";"Gemeinderatswahlen";"Gemeinderatswahlen";"Gemeinderatswahlen";"mannheim.opendatasoft.com"
"mannheim.opendatasoft.com|da_x48au9|Sitze im Gemeinderat";"Sitze im Gemeinderat";"Sitze im Gemeinderat";"Sitze im Gemeinderat";"mannheim.opendatasoft.com"
"opendata.dormagen.de|da_181gso|Bundestagswahl";"Bundestagswahl";"Bundestagswahl";"Bundestagswahl";"opendata.dormagen.de"
"opendata.dormagen.de|da_181gso|Wahlamt";"Wahlamt";"Wahlamt";"Wahlamt";"opendata.dormagen.de"
"opendata.dormagen.de|da_181gso|Wahlen";"Wahlen";"Wahlen";"Wahlen";"opendata.dormagen.de"
"opendata.dormagen.de|da_acckxg|Kommunalbezirk";"Kommunalbezirk";"Kommunalbezirk";"Kommunalbezirk";"opendata.dormagen.de"
"opendata.dormagen.de|da_acckxg|Landtagswahl";"Landtagswahl";"Landtagswahl";"Landtagswahl";"opendata.dormagen.de"
"opendata.dormagen.de|da_aw0nj8|Kommunalwahl";"Kommunalwahl";"Kommunalwahl";"Kommunalwahl";"opendata.dormagen.de"
"opendata.dormagen.de|da_i4ujoi|Alter";"Alter";"Alter";"Alter";"opendata.dormagen.de"
"opendata.dormagen.de|da_i4ujoi|Altersstruktur";"Altersstruktur";"Altersstruktur";"Altersstruktur";"opendata.dormagen.de"
"opendata.dormagen.de|da_i4ujoi|Dormagen";"Dormagen";"Dormagen";"Dormagen";"opendata.dormagen.de"
"opendata.dormagen.de|da_i4ujoi|Stadtteile";"Stadtteile";"Stadtteile";"Stadtteile";"opendata.dormagen.de"
"opendata.dormagen.de|da_k2vivw|Wahlamt";"Wahlamt";"Wahlamt";"Wahlamt";"opendata.dormagen.de"
"opendata.dormagen.de|da_k2vivw|Wahlen";"Wahlen";"Wahlen";"Wahlen";"opendata.dormagen.de"
"opendata.dormagen.de|da_nuwreu|Wahlamt";"Wahlamt";"Wahlamt";"Wahlamt";"opendata.dormagen.de"
"opendata.dormagen.de|da_nuwreu|Wahlen";"Wahlen";"Wahlen";"Wahlen";"opendata.dormagen.de"
"opendata.dormagen.de|da_szcqij|Wahlamt";"Wahlamt";"Wahlamt";"Wahlamt";"opendata.dormagen.de"
"opendata.dormagen.de|da_szcqij|Wahlen";"Wahlen";"Wahlen";"Wahlen";"opendata.dormagen.de"
"opendata.dormagen.de|da_veis8r|Schulen";"Schulen";"Schulen";"Schulen";"opendata.dormagen.de"
"opendata.dormagen.de|da_yzp1up|Wahlamt";"Wahlamt";"Wahlamt";"Wahlamt";"opendata.dormagen.de"
"opendata.dormagen.de|da_yzp1up|Wahlen";"Wahlen";"Wahlen";"Wahlen";"opendata.dormagen.de"
"opendata.dormagen.de|da_z0v57n|Wahlamt";"Wahlamt";"Wahlamt";"Wahlamt";"opendata.dormagen.de"
"opendata.dormagen.de|da_z0v57n|Wahlen";"Wahlen";"Wahlen";"Wahlen";"opendata.dormagen.de"
"opendata.potsdam.de|da_06nxp8|3D";"3D";"3D";"3D";"opendata.potsdam.de"
"opendata.potsdam.de|da_06nxp8|DGM";"DGM";"DGM";"DGM";"opendata.potsdam.de"
"opendata.potsdam.de|da_06nxp8|Fernerkundung";"Fernerkundung";"Fernerkundung";"Fernerkundung";"opendata.potsdam.de"
"opendata.potsdam.de|da_06nxp8|Geländemodell";"Geländemodell";"Geländemodell";"Geländemodell";"opendata.potsdam.de"
"opendata.potsdam.de|da_06nxp8|Geodaten";"Geodaten";"Geodaten";"Geodaten";"opendata.potsdam.de"
"opendata.potsdam.de|da_06nxp8|Höhenangaben";"Höhenangaben";"Höhenangaben";"Höhenangaben";"opendata.potsdam.de"
"opendata.potsdam.de|da_06nxp8|Laserscan";"Laserscan";"Laserscan";"Laserscan";"opendata.potsdam.de"
"opendata.potsdam.de|da_06nxp8|Potsdam";"Potsdam";"Potsdam";"Potsdam";"opendata.potsdam.de"
"opendata.potsdam.de|da_06nxp8|Rasterdaten";"Rasterdaten";"Rasterdaten";"Rasterdaten";"opendata.potsdam.de"
"opendata.potsdam.de|da_06nxp8|Relief";"Relief";"Relief";"Relief";"opendata.potsdam.de"
"opendata.potsdam.de|da_06nxp8|Vermessung";"Vermessung";"Vermessung";"Vermessung";"opendata.potsdam.de"
"opendata.potsdam.de|da_azihzg|Wahlen";"Wahlen";"Wahlen";"Wahlen";"opendata.potsdam.de"
"opendata.potsdam.de|da_e8yevp|Abfall";"Abfall";"Abfall";"Abfall";"opendata.potsdam.de"
"opendata.potsdam.de|da_e8yevp|Altglas";"Altglas";"Altglas";"Altglas";"opendata.potsdam.de"
"opendata.potsdam.de|da_e8yevp|Container";"Container";"Container";"Container";"opendata.potsdam.de"
"opendata.potsdam.de|da_e8yevp|Glas";"Glas";"Glas";"Glas";"opendata.potsdam.de"
"opendata.potsdam.de|da_e8yevp|Glassammlung";"Glassammlung";"Glassammlung";"Glassammlung";"opendata.potsdam.de"
"opendata.potsdam.de|da_e8yevp|Müll";"Müll";"Müll";"Müll";"opendata.potsdam.de"
"opendata.potsdam.de|da_e8yevp|Potsdam";"Potsdam";"Potsdam";"Potsdam";"opendata.potsdam.de"
"opendata.potsdam.de|da_e8yevp|Recycling";"Recycling";"Recycling";"Recycling";"opendata.potsdam.de"
"opendata.potsdam.de|da_e8yevp|Sammelcontainer";"Sammelcontainer";"Sammelcontainer";"Sammelcontainer";"opendata.potsdam.de"
"opendata.potsdam.de|da_gzv522|Einwohner";"Einwohner";"Einwohner";"Einwohner";"opendata.potsdam.de"
"opendata.potsdam.de|da_gzv522|Haushalt";"Haushalt";"Haushalt";"Haushalt";"opendata.potsdam.de"
"opendata.potsdam.de|da_gzv522|Haushaltsgruppen";"Haushaltsgruppen";"Haushaltsgruppen";"Haushaltsgruppen";"opendata.potsdam.de"
"opendata.potsdam.de|da_gzv522|Potsdam";"Potsdam";"Potsdam";"Potsdam";"opendata.potsdam.de"
"opendata.potsdam.de|da_i33m1a|Bodenbedeckung";"Bodenbedeckung";"Bodenbedeckung";"Bodenbedeckung";"opendata.potsdam.de"
"opendata.potsdam.de|da_i33m1a|DOP10";"DOP10";"DOP10";"DOP10";"opendata.potsdam.de"
"opendata.potsdam.de|da_i33m1a|DOP10RGB";"DOP10RGB";"DOP10RGB";"DOP10RGB";"opendata.potsdam.de"
"opendata.potsdam.de|da_i33m1a|Farb-Aufnahmen";"Farb-Aufnahmen";"Farb-Aufnahmen";"Farb-Aufnahmen";"opendata.potsdam.de"
"opendata.potsdam.de|da_i33m1a|Fernerkundung";"Fernerkundung";"Fernerkundung";"Fernerkundung";"opendata.potsdam.de"
"opendata.potsdam.de|da_i33m1a|Geodaten";"Geodaten";"Geodaten";"Geodaten";"opendata.potsdam.de"
"opendata.potsdam.de|da_i33m1a|Landnutzung";"Landnutzung";"Landnutzung";"Landnutzung";"opendata.potsdam.de"
"opendata.potsdam.de|da_i33m1a|Luftbild";"Luftbild";"Luftbild";"Luftbild";"opendata.potsdam.de"
"opendata.potsdam.de|da_i33m1a|Orthofoto";"Orthofoto";"Orthofoto";"Orthofoto";"opendata.potsdam.de"
"opendata.potsdam.de|da_i33m1a|Photogrammetrie";"Photogrammetrie";"Photogrammetrie";"Photogrammetrie";"opendata.potsdam.de"
"opendata.potsdam.de|da_i33m1a|Potsdam";"Potsdam";"Potsdam";"Potsdam";"opendata.potsdam.de"
"opendata.potsdam.de|da_i33m1a|Rasterdaten";"Rasterdaten";"Rasterdaten";"Rasterdaten";"opendata.potsdam.de"
"opendata.potsdam.de|da_kuuy3r|Anpassungsgebiete";"Anpassungsgebiete";"Anpassungsgebiete";"Anpassungsgebiete";"opendata.potsdam.de"
"opendata.potsdam.de|da_kuuy3r|Entwicklungsbereiche";"Entwicklungsbereiche";"Entwicklungsbereiche";"Entwicklungsbereiche";"opendata.potsdam.de"
"opendata.potsdam.de|da_kuuy3r|Fördergebiete";"Fördergebiete";"Fördergebiete";"Fördergebiete";"opendata.potsdam.de"
"opendata.potsdam.de|da_kuuy3r|Sanierungsgebiete";"Sanierungsgebiete";"Sanierungsgebiete";"Sanierungsgebiete";"opendata.potsdam.de"
"opendata.potsdam.de|da_kuuy3r|Soziale Stadt";"Soziale Stadt";"Soziale Stadt";"Soziale Stadt";"opendata.potsdam.de"
"opendata.potsdam.de|da_kuuy3r|Vorbereitende Untersuchungen";"Vorbereitende Untersuchungen";"Vorbereitende Untersuchungen";"Vorbereitende Untersuchungen";"opendata.potsdam.de"
"opendata.potsdam.de|da_lagmw3|Potsdam";"Potsdam";"Potsdam";"Potsdam";"opendata.potsdam.de"
"opendata.potsdam.de|da_lagmw3|Wohnen";"Wohnen";"Wohnen";"Wohnen";"opendata.potsdam.de"
"opendata.potsdam.de|da_lagmw3|Wohnungsgröße";"Wohnungsgröße";"Wohnungsgröße";"Wohnungsgröße";"opendata.potsdam.de"
"opendata.potsdam.de|da_ns1tz7|Geodaten";"Geodaten";"Geodaten";"Geodaten";"opendata.potsdam.de"
"opendata.potsdam.de|da_ns1tz7|Hund";"Hund";"Hund";"Hund";"opendata.potsdam.de"
"opendata.potsdam.de|da_ns1tz7|Hundehaltung";"Hundehaltung";"Hundehaltung";"Hundehaltung";"opendata.potsdam.de"
"opendata.potsdam.de|da_ns1tz7|Leinenzwang";"Leinenzwang";"Leinenzwang";"Leinenzwang";"opendata.potsdam.de"
"opendata.potsdam.de|da_ns1tz7|Potsdam";"Potsdam";"Potsdam";"Potsdam";"opendata.potsdam.de"
"opendata.potsdam.de|da_ns83hx|COVID-19";"COVID-19";"COVID-19";"COVID-19";"opendata.potsdam.de"
"opendata.potsdam.de|da_ns83hx|Corona";"Corona";"Corona";"Corona";"opendata.potsdam.de"
"opendata.rhein-kreis-neuss.de|da_1v8rqw|Dormagen";"Dormagen";"Dormagen";"Dormagen";"opendata.rhein-kreis-neuss.de"
"opendata.rhein-kreis-neuss.de|da_1v8rqw|Kindergarten";"Kindergarten";"Kindergarten";"Kindergarten";"opendata.rhein-kreis-neuss.de"
"opendata.rhein-kreis-neuss.de|da_1v8rqw|Kindertagesstätte";"Kindertagesstätte";"Kindertagesstätte";"Kindertagesstätte";"opendata.rhein-kreis-neuss.de"
"opendata.rhein-kreis-neuss.de|da_1v8rqw|Kita";"Kita";"Kita";"Kita";"opendata.rhein-kreis-neuss.de"
"opendata.rhein-kreis-neuss.de|da_7qie4f|Dormagen";"Dormagen";"Dormagen";"Dormagen";"opendata.rhein-kreis-neuss.de"
"opendata.rhein-kreis-neuss.de|da_7qie4f|Grevenbroich";"Grevenbroich";"Grevenbroich";"Grevenbroich";"opendata.rhein-kreis-neuss.de"
"opendata.rhein-kreis-neuss.de|da_7qie4f|Infektionen";"Infektionen";"Infektionen";"Infektionen";"opendata.rhein-kreis-neuss.de"
"opendata.rhein-kreis-neuss.de|da_7qie4f|Jüchen";"Jüchen";"Jüchen";"Jüchen";"opendata.rhein-kreis-neuss.de"
"opendata.rhein-kreis-neuss.de|da_7qie4f|Kaarst";"Kaarst";"Kaarst";"Kaarst";"opendata.rhein-kreis-neuss.de"
"opendata.rhein-kreis-neuss.de|da_7qie4f|Korschenbroich";"Korschenbroich";"Korschenbroich";"Korschenbroich";"opendata.rhein-kreis-neuss.de"
"opendata.rhein-kreis-neuss.de|da_7qie4f|Meerbusch";"Meerbusch";"Meerbusch";"Meerbusch";"opendata.rhein-kreis-neuss.de"
"opendata.rhein-kreis-neuss.de|da_7qie4f|Neuss";"Neuss";"Neuss";"Neuss";"opendata.rhein-kreis-neuss.de"
"opendata.rhein-kreis-neuss.de|da_7qie4f|Rhein-Kreis Neuss";"Rhein-Kreis Neuss";"Rhein-Kreis Neuss";"Rhein-Kreis Neuss";"opendata.rhein-kreis-neuss.de"
"opendata.rhein-kreis-neuss.de|da_7qie4f|Rommerskirchen";"Rommerskirchen";"Rommerskirchen";"Rommerskirchen";"opendata.rhein-kreis-neuss.de"
"opendata.rhein-kreis-neuss.de|da_bnrcw9|COVID-19";"COVID-19";"COVID-19";"COVID-19";"opendata.rhein-kreis-neuss.de"
"opendata.rhein-kreis-neuss.de|da_bnrcw9|Corona";"Corona";"Corona";"Corona";"opendata.rhein-kreis-neuss.de"
"opendata.rhein-kreis-neuss.de|da_bnrcw9|SARS-CoV-2";"SARS-CoV-2";"SARS-CoV-2";"SARS-CoV-2";"opendata.rhein-kreis-neuss.de"
"opendata.rhein-kreis-neuss.de|da_ck7ig4|Rhein-Kreis Neuss";"Rhein-Kreis Neuss";"Rhein-Kreis Neuss";"Rhein-Kreis Neuss";"opendata.rhein-kreis-neuss.de"
"opendata.rhein-kreis-neuss.de|da_hg514a|Dormagen";"Dormagen";"Dormagen";"Dormagen";"opendata.rhein-kreis-neuss.de"
"opendata.rhein-kreis-neuss.de|da_hg514a|Tischtennisplatten";"Tischtennisplatten";"Tischtennisplatten";"Tischtennisplatten";"opendata.rhein-kreis-neuss.de"
"opendata.rhein-kreis-neuss.de|da_hos9ci|Dormagen";"Dormagen";"Dormagen";"Dormagen";"opendata.rhein-kreis-neuss.de"
"opendata.rhein-kreis-neuss.de|da_hos9ci|Grevenbroich";"Grevenbroich";"Grevenbroich";"Grevenbroich";"opendata.rhein-kreis-neuss.de"
"opendata.rhein-kreis-neuss.de|da_hos9ci|Infektionen";"Infektionen";"Infektionen";"Infektionen";"opendata.rhein-kreis-neuss.de"
"opendata.rhein-kreis-neuss.de|da_hos9ci|Jüchen";"Jüchen";"Jüchen";"Jüchen";"opendata.rhein-kreis-neuss.de"
"opendata.rhein-kreis-neuss.de|da_hos9ci|Kaarst";"Kaarst";"Kaarst";"Kaarst";"opendata.rhein-kreis-neuss.de"
"opendata.rhein-kreis-neuss.de|da_hos9ci|Meerbusch";"Meerbusch";"Meerbusch";"Meerbusch";"opendata.rhein-kreis-neuss.de"
"opendata.rhein-kreis-neuss.de|da_hos9ci|Neuss";"Neuss";"Neuss";"Neuss";"opendata.rhein-kreis-neuss.de"
"opendata.rhein-kreis-neuss.de|da_hos9ci|Rommerskirchen";"Rommerskirchen";"Rommerskirchen";"Rommerskirchen";"opendata.rhein-kreis-neuss.de"
"opendata.rhein-kreis-neuss.de|da_mxqxaj|Arbeitslose";"Arbeitslose";"Arbeitslose";"Arbeitslose";"opendata.rhein-kreis-neuss.de"
"opendata.rhein-kreis-neuss.de|da_mxqxaj|Arbeitslosenquote";"Arbeitslosenquote";"Arbeitslosenquote";"Arbeitslosenquote";"opendata.rhein-kreis-neuss.de"
"opendata.rhein-kreis-neuss.de|da_mxqxaj|Arbeitsmarkt";"Arbeitsmarkt";"Arbeitsmarkt";"Arbeitsmarkt";"opendata.rhein-kreis-neuss.de"
"opendata.rhein-kreis-neuss.de|da_mxqxaj|Arbeitsstellen";"Arbeitsstellen";"Arbeitsstellen";"Arbeitsstellen";"opendata.rhein-kreis-neuss.de"
"opendata.rhein-kreis-neuss.de|da_mxqxaj|Unterbeschäftigung";"Unterbeschäftigung";"Unterbeschäftigung";"Unterbeschäftigung";"opendata.rhein-kreis-neuss.de"
"opendata.rhein-kreis-neuss.de|da_rd467b|Dormagen";"Dormagen";"Dormagen";"Dormagen";"opendata.rhein-kreis-neuss.de"
"opendata.rhein-kreis-neuss.de|da_rd467b|Grevenbroich";"Grevenbroich";"Grevenbroich";"Grevenbroich";"opendata.rhein-kreis-neuss.de"
"opendata.rhein-kreis-neuss.de|da_rd467b|Jüchen";"Jüchen";"Jüchen";"Jüchen";"opendata.rhein-kreis-neuss.de"
"opendata.rhein-kreis-neuss.de|da_rd467b|Kaarst";"Kaarst";"Kaarst";"Kaarst";"opendata.rhein-kreis-neuss.de"
"opendata.rhein-kreis-neuss.de|da_rd467b|Korschenbroich";"Korschenbroich";"Korschenbroich";"Korschenbroich";"opendata.rhein-kreis-neuss.de"
"opendata.rhein-kreis-neuss.de|da_rd467b|Meerbusch";"Meerbusch";"Meerbusch";"Meerbusch";"opendata.rhein-kreis-neuss.de"
"opendata.rhein-kreis-neuss.de|da_rd467b|Neuss";"Neuss";"Neuss";"Neuss";"opendata.rhein-kreis-neuss.de"
"opendata.rhein-kreis-neuss.de|da_rd467b|Rhein-Kreis Neuss";"Rhein-Kreis Neuss";"Rhein-Kreis Neuss";"Rhein-Kreis Neuss";"opendata.rhein-kreis-neuss.de"
"opendata.rhein-kreis-neuss.de|da_rd467b|Rommerskirchen";"Rommerskirchen";"Rommerskirchen";"Rommerskirchen";"opendata.rhein-kreis-neuss.de"
"opendata.rhein-kreis-neuss.de|da_rl1ty1|Dormagen";"Dormagen";"Dormagen";"Dormagen";"opendata.rhein-kreis-neuss.de"
"opendata.rhein-kreis-neuss.de|da_rl1ty1|Europawahl";"Europawahl";"Europawahl";"Europawahl";"opendata.rhein-kreis-neuss.de"
"opendata.rhein-kreis-neuss.de|da_rl1ty1|Grevenbroich";"Grevenbroich";"Grevenbroich";"Grevenbroich";"opendata.rhein-kreis-neuss.de"
"opendata.rhein-kreis-neuss.de|da_rl1ty1|Jüchen";"Jüchen";"Jüchen";"Jüchen";"opendata.rhein-kreis-neuss.de"
"opendata.rhein-kreis-neuss.de|da_rl1ty1|Kaarst";"Kaarst";"Kaarst";"Kaarst";"opendata.rhein-kreis-neuss.de"
"opendata.rhein-kreis-neuss.de|da_rl1ty1|Korschenbroich";"Korschenbroich";"Korschenbroich";"Korschenbroich";"opendata.rhein-kreis-neuss.de"
"opendata.rhein-kreis-neuss.de|da_rl1ty1|Meerbusch";"Meerbusch";"Meerbusch";"Meerbusch";"opendata.rhein-kreis-neuss.de"
"opendata.rhein-kreis-neuss.de|da_rl1ty1|Neuss";"Neuss";"Neuss";"Neuss";"opendata.rhein-kreis-neuss.de"
"opendata.rhein-kreis-neuss.de|da_rl1ty1|Rhein-Kreis Neuss";"Rhein-Kreis Neuss";"Rhein-Kreis Neuss";"Rhein-Kreis Neuss";"opendata.rhein-kreis-neuss.de"
"opendata.rhein-kreis-neuss.de|da_rl1ty1|Rommerskirchen";"Rommerskirchen";"Rommerskirchen";"Rommerskirchen";"opendata.rhein-kreis-neuss.de"
"opendata.rhein-kreis-neuss.de|da_rl1ty1|Wahlen";"Wahlen";"Wahlen";"Wahlen";"opendata.rhein-kreis-neuss.de"
"opendata.rhein-kreis-neuss.de|da_x44yps|Dormagen";"Dormagen";"Dormagen";"Dormagen";"opendata.rhein-kreis-neuss.de"
"opendata.rhein-kreis-neuss.de|da_x44yps|Grevenbroich";"Grevenbroich";"Grevenbroich";"Grevenbroich";"opendata.rhein-kreis-neuss.de"
"opendata.rhein-kreis-neuss.de|da_x44yps|Jüchen";"Jüchen";"Jüchen";"Jüchen";"opendata.rhein-kreis-neuss.de"
"opendata.rhein-kreis-neuss.de|da_x44yps|Kaarst";"Kaarst";"Kaarst";"Kaarst";"opendata.rhein-kreis-neuss.de"
"opendata.rhein-kreis-neuss.de|da_x44yps|Korschenbroich";"Korschenbroich";"Korschenbroich";"Korschenbroich";"opendata.rhein-kreis-neuss.de"
"opendata.rhein-kreis-neuss.de|da_x44yps|Neuss";"Neuss";"Neuss";"Neuss";"opendata.rhein-kreis-neuss.de"
"opendata.rhein-kreis-neuss.de|da_x44yps|Rhein-Kreis Neuss";"Rhein-Kreis Neuss";"Rhein-Kreis Neuss";"Rhein-Kreis Neuss";"opendata.rhein-kreis-neuss.de"
"opendata.rhein-kreis-neuss.de|da_x44yps|Rommerskirchen";"Rommerskirchen";"Rommerskirchen";"Rommerskirchen";"opendata.rhein-kreis-neuss.de"
"opendata.rhein-kreis-neuss.de|da_x44yps|Schüler";"Schüler";"Schüler";"Schüler";"opendata.rhein-kreis-neuss.de"
